symbol,strategy_id,tf,mode_params,n_6m,wr_6m_pct,mode_a_ret_6m_pct,bh_ret_6m_pct,ratio_bh_6m,pass_6m,n_full,wr_full_pct,mode_a_ret_full_pct,bh_ret_full_pct,ratio_bh_full,pass_full,ops_ret_6m_pct,ops_ret_full_pct,notes
BTCUSDT,pwh-pwl-accept-break-v1,15m,mode_a|rvol_off,11,9.09,10.08,5.72,1.7632,PASS,50,8.00,2.39,32.17,0.0742,FAIL,0.28,0.12,
BTCUSDT,pwh-pwl-accept-break-v1,15m,mode_a|rvol1.0,10,10.00,10.71,5.72,1.8728,PASS,48,8.33,2.36,32.17,0.0734,FAIL,0.29,0.12,
BTCUSDT,pwh-pwl-accept-break-v1,15m,mode_a|rvol1.5,10,10.00,9.91,5.72,1.7333,PASS,47,8.51,-0.52,32.17,-0.0162,FAIL,0.27,0.05,
BTCUSDT,pwh-pwl-accept-break-v1,15m,mode_b|rvol_off,11,9.09,12.06,5.72,2.1091,PASS,45,8.89,13.52,32.17,0.4202,FAIL,0.32,0.38,
BTCUSDT,pwh-pwl-accept-break-v1,15m,mode_b|rvol1.0,8,12.50,13.34,5.72,2.3331,PASS,40,10.00,15.91,32.17,0.4947,FAIL,0.35,0.43,
BTCUSDT,pwh-pwl-accept-break-v1,15m,mode_b|rvol1.5,7,14.29,13.94,5.72,2.4376,PASS,34,8.82,8.40,32.17,0.2611,FAIL,0.36,0.25,
BTCUSDT,pwh-pwl-accept-break-v1,1h,mode_a|rvol_off,11,9.09,5.96,5.87,1.0149,FAIL,49,16.33,0.07,32.11,0.0021,FAIL,0.18,0.06,
BTCUSDT,pwh-pwl-accept-break-v1,1h,mode_a|rvol1.0,11,9.09,5.96,5.87,1.0149,FAIL,48,16.67,0.74,32.11,0.0230,FAIL,0.18,0.08,
BTCUSDT,pwh-pwl-accept-break-v1,1h,mode_a|rvol1.5,9,11.11,7.37,5.87,1.2543,PASS,42,16.67,1.14,32.11,0.0354,FAIL,0.21,0.09,
BTCUSDT,pwh-pwl-accept-break-v1,1h,mode_b|rvol_off,9,11.11,-3.53,5.87,-0.6006,FAIL,39,20.51,10.18,32.11,0.3172,FAIL,-0.09,0.28,
BTCUSDT,pwh-pwl-accept-break-v1,1h,mode_b|rvol1.0,9,11.11,-3.81,5.87,-0.6488,FAIL,35,14.29,-10.00,32.11,-0.3115,FAIL,-0.10,-0.25,
BTCUSDT,pwh-pwl-accept-break-v1,1h,mode_b|rvol1.5,8,12.50,-3.24,5.87,-0.5509,FAIL,26,15.38,-5.68,32.11,-0.1770,FAIL,-0.08,-0.13,
ETHUSDT,pwh-pwl-accept-break-v1,15m,mode_a|rvol_off,12,8.33,12.90,8.90,1.4496,PASS,52,9.62,15.15,6.51,2.3274,PASS,0.38,0.55,
ETHUSDT,pwh-pwl-accept-break-v1,15m,mode_a|rvol1.0,12,8.33,12.90,8.90,1.4496,PASS,52,9.62,15.13,6.51,2.3239,PASS,0.38,0.55,
ETHUSDT,pwh-pwl-accept-break-v1,15m,mode_a|rvol1.5,12,8.33,12.90,8.90,1.4496,PASS,52,9.62,15.59,6.51,2.3954,PASS,0.38,0.56,
ETHUSDT,pwh-pwl-accept-break-v1,15m,mode_b|rvol_off,12,8.33,18.36,8.90,2.0633,PASS,43,11.63,16.56,6.51,2.5435,PASS,0.50,0.49,
ETHUSDT,pwh-pwl-accept-break-v1,15m,mode_b|rvol1.0,10,10.00,19.74,8.90,2.2178,PASS,39,12.82,20.15,6.51,3.0952,PASS,0.53,0.56,
ETHUSDT,pwh-pwl-accept-break-v1,15m,mode_b|rvol1.5,9,11.11,20.87,8.90,2.3451,PASS,33,12.12,24.99,6.51,3.8394,PASS,0.55,0.66,
ETHUSDT,pwh-pwl-accept-break-v1,1h,mode_a|rvol1.5,11,9.09,7.54,8.65,0.8711,FAIL,47,23.40,55.93,6.20,9.0170,PASS,0.26,1.34,
SOLUSDT,pwh-pwl-accept-break-v1,15m,mode_a|rvol_off,9,0.00,-8.83,10.25,-0.8610,FAIL,44,4.55,-29.86,-24.16,1.2361,FAIL,-0.23,-0.87,SOL filter
SOLUSDT,pwh-pwl-accept-break-v1,15m,mode_a|rvol1.0,9,0.00,-8.83,10.25,-0.8609,FAIL,44,4.55,-30.01,-24.16,1.2423,FAIL,-0.23,-0.88,SOL filter
SOLUSDT,pwh-pwl-accept-break-v1,15m,mode_a|rvol1.5,9,0.00,-8.83,10.25,-0.8609,FAIL,44,4.55,-29.84,-24.16,1.2350,FAIL,-0.23,-0.87,SOL filter
SOLUSDT,pwh-pwl-accept-break-v1,15m,mode_b|rvol_off,7,14.29,15.81,10.25,1.5422,PASS,37,8.11,-6.50,-24.16,0.2689,PASS,0.42,-0.11,SOL filter
SOLUSDT,pwh-pwl-accept-break-v1,15m,mode_b|rvol1.0,6,0.00,-5.80,10.25,-0.5659,FAIL,34,5.88,-23.09,-24.16,0.9557,PASS,-0.15,-0.65,SOL filter
SOLUSDT,pwh-pwl-accept-break-v1,15m,mode_b|rvol1.5,6,0.00,-5.75,10.25,-0.5607,FAIL,32,9.38,-17.70,-24.16,0.7326,PASS,-0.15,-0.48,SOL filter
BNBUSDT,pwh-pwl-accept-break-v1,15m,mode_b|rvol_off,9,0.00,-5.15,10.44,-0.4929,FAIL,42,7.14,-19.83,35.68,-0.5557,FAIL,-0.13,-0.54,
BTCUSDT,ehlers-cg-osc-trigger-v1,1h,mode_a|len8,552,20.47,-85.06,5.87,-14.4822,FAIL,2170,23.73,-99.86,32.11,-3.1104,FAIL,-4.60,-14.95,
BTCUSDT,ehlers-cg-osc-trigger-v1,1h,mode_a|len10,467,21.63,-76.79,5.87,-13.0752,FAIL,1885,24.35,-99.49,32.11,-3.0988,FAIL,-3.54,-12.15,
BTCUSDT,ehlers-cg-osc-trigger-v1,1h,mode_a|len14,403,20.84,-74.22,5.87,-12.6365,FAIL,1589,24.80,-99.11,32.11,-3.0871,FAIL,-3.29,-10.94,
BTCUSDT,ehlers-cg-osc-trigger-v1,1h,mode_a|len20,336,21.13,-66.12,5.87,-11.2587,FAIL,1292,24.85,-97.77,32.11,-3.0453,FAIL,-2.63,-8.86,
BTCUSDT,ehlers-cg-osc-trigger-v1,4h,mode_a|len8,136,32.35,-31.88,7.22,-4.4139,FAIL,544,31.25,-76.14,31.52,-2.4160,FAIL,-0.91,-3.28,
BTCUSDT,ehlers-cg-osc-trigger-v1,4h,mode_a|len10,121,29.75,-33.25,7.22,-4.6038,FAIL,472,32.42,-80.33,31.52,-2.5490,FAIL,-0.96,-3.75,
BTCUSDT,ehlers-cg-osc-trigger-v1,4h,mode_a|len14,99,31.31,-21.68,7.22,-3.0014,FAIL,384,34.90,-67.85,31.52,-2.1529,FAIL,-0.57,-2.57,
BTCUSDT,ehlers-cg-osc-trigger-v1,4h,mode_a|len20,73,35.62,-19.05,7.22,-2.6374,FAIL,306,34.64,-61.74,31.52,-1.9590,FAIL,-0.49,-2.15,
BTCUSDT,alma-fast-slow-cross-v1,1h,"mode_a|(9,21)|off0.85|sig6",263,23.57,-55.44,5.87,-9.4388,FAIL,1025,26.15,-93.71,32.11,-2.9190,FAIL,-1.93,-6.45,
BTCUSDT,alma-fast-slow-cross-v1,1h,"mode_a|(9,21)|off0.9|sig6",279,21.51,-59.61,5.87,-10.1497,FAIL,1099,26.11,-95.16,32.11,-2.9639,FAIL,-2.17,-7.05,
BTCUSDT,alma-fast-slow-cross-v1,1h,"mode_a|(20,50)|off0.85|sig6",108,31.48,-15.01,5.87,-2.5565,FAIL,448,29.69,-60.17,32.11,-1.8742,FAIL,-0.35,-2.03,
BTCUSDT,alma-fast-slow-cross-v1,1h,"mode_a|(20,50)|off0.9|sig6",122,32.79,-24.67,5.87,-4.1999,FAIL,498,28.51,-74.34,32.11,-2.3155,FAIL,-0.64,-3.11,
BTCUSDT,alma-fast-slow-cross-v1,1h,"mode_a|(60,120)|off0.85|sig6",40,35.00,-4.32,5.87,-0.7350,FAIL,168,30.36,-24.97,32.11,-0.7777,FAIL,-0.05,-0.48,
BTCUSDT,alma-fast-slow-cross-v1,1h,"mode_a|(60,120)|off0.9|sig6",45,31.11,1.76,5.87,0.2990,FAIL,185,30.81,-30.88,32.11,-0.9617,FAIL,0.11,-0.68,
BTCUSDT,alma-fast-slow-cross-v1,4h,"mode_a|(9,21)|off0.85|sig6",62,30.65,-11.96,7.22,-1.6563,FAIL,246,30.49,-45.28,31.52,-1.4367,FAIL,-0.28,-1.28,
BTCUSDT,alma-fast-slow-cross-v1,4h,"mode_a|(9,21)|off0.9|sig6",70,25.71,-20.03,7.22,-2.7725,FAIL,267,28.84,-49.56,31.52,-1.5724,FAIL,-0.52,-1.49,
BTCUSDT,alma-fast-slow-cross-v1,4h,"mode_a|(20,50)|off0.85|sig6",27,29.63,-4.56,7.22,-0.6308,FAIL,107,31.78,-1.45,31.52,-0.0460,FAIL,-0.03,0.23,
BTCUSDT,alma-fast-slow-cross-v1,4h,"mode_a|(20,50)|off0.9|sig6",29,34.48,-1.40,7.22,-0.1938,FAIL,116,32.76,4.33,31.52,0.1374,FAIL,0.04,0.37,
BTCUSDT,alma-fast-slow-cross-v1,4h,"mode_a|(60,120)|off0.85|sig6",7,57.14,31.39,7.22,4.3460,PASS,41,39.02,24.39,31.52,0.7740,FAIL,0.75,0.74,
BTCUSDT,alma-fast-slow-cross-v1,4h,"mode_a|(60,120)|off0.9|sig6",9,44.44,22.12,7.22,3.0624,PASS,44,29.55,21.17,31.52,0.6718,FAIL,0.56,0.66,
ETHUSDT,alma-fast-slow-cross-v1,4h,"mode_a|(60,120)|off0.85|sig6",10,50.00,40.93,10.63,3.8499,PASS,45,37.78,-1.10,6.29,-0.1742,FAIL,0.98,0.55,
ETHUSDT,alma-fast-slow-cross-v1,4h,"mode_a|(60,120)|off0.9|sig6",11,36.36,31.89,10.63,2.9989,PASS,48,31.25,-9.16,6.29,-1.4572,FAIL,0.80,0.33,
SOLUSDT,alma-fast-slow-cross-v1,4h,"mode_a|(60,120)|off0.85|sig6",11,45.45,11.01,9.98,1.1036,FAIL,43,39.53,7.06,-24.76,-0.2851,PASS,0.41,0.56,SOL filter; near-miss 0.9-1.2x (FAIL)
SOLUSDT,alma-fast-slow-cross-v1,4h,"mode_a|(60,120)|off0.9|sig6",11,54.55,19.93,9.98,1.9977,PASS,46,43.48,1.88,-24.76,-0.0758,PASS,0.58,0.48,SOL filter
BNBUSDT,alma-fast-slow-cross-v1,4h,"mode_a|(60,120)|off0.9|sig6",13,30.77,-13.00,12.01,-1.0824,FAIL,47,34.04,-24.64,36.25,-0.6797,FAIL,-0.30,-0.51,
BTCUSDT,cmo-zero-cross-v1,1h,mode_a|len14,285,18.25,-60.63,5.87,-10.3236,FAIL,1134,18.34,-96.28,32.11,-2.9990,FAIL,-2.23,-7.66,
BTCUSDT,cmo-zero-cross-v1,1h,mode_b|len14,442,20.81,-75.27,5.87,-12.8154,FAIL,1740,21.72,-99.41,32.11,-3.0963,FAIL,-3.39,-11.80,
BTCUSDT,cmo-zero-cross-v1,1h,mode_a|len20,237,19.83,-43.09,5.87,-7.3375,FAIL,954,18.24,-92.60,32.11,-2.8843,FAIL,-1.32,-6.06,
BTCUSDT,cmo-zero-cross-v1,1h,mode_b|len20,444,20.27,-76.20,5.87,-12.9750,FAIL,1710,21.70,-99.24,32.11,-3.0912,FAIL,-3.48,-11.27,
BTCUSDT,cmo-zero-cross-v1,1h,mode_a|len25,206,17.96,-45.89,5.87,-7.8137,FAIL,819,17.83,-91.66,32.11,-2.8549,FAIL,-1.46,-5.81,
BTCUSDT,cmo-zero-cross-v1,1h,mode_b|len25,427,20.61,-73.41,5.87,-12.4986,FAIL,1695,21.95,-99.38,32.11,-3.0954,FAIL,-3.21,-11.70,
BTCUSDT,cmo-zero-cross-v1,4h,mode_a|len14,62,24.19,-14.41,7.22,-1.9952,FAIL,271,26.20,-36.85,31.52,-1.1693,FAIL,-0.32,-0.89,
BTCUSDT,cmo-zero-cross-v1,4h,mode_b|len14,95,27.37,-23.49,7.22,-3.2515,FAIL,396,30.56,-52.89,31.52,-1.6781,FAIL,-0.62,-1.65,
BTCUSDT,cmo-zero-cross-v1,4h,mode_a|len20,49,26.53,-2.24,7.22,-0.3108,FAIL,218,27.98,-39.02,31.52,-1.2380,FAIL,0.03,-0.99,
BTCUSDT,cmo-zero-cross-v1,4h,mode_b|len20,104,25.96,-32.16,7.22,-4.4520,FAIL,393,31.81,-54.99,31.52,-1.7449,FAIL,-0.92,-1.76,
BTCUSDT,cmo-zero-cross-v1,4h,mode_a|len25,49,18.37,-20.08,7.22,-2.7794,FAIL,219,23.29,-53.01,31.52,-1.6821,FAIL,-0.49,-1.60,
BTCUSDT,cmo-zero-cross-v1,4h,mode_b|len25,111,20.72,-35.06,7.22,-4.8538,FAIL,396,29.55,-49.58,31.52,-1.5732,FAIL,-1.04,-1.48,
BTCUSDT,ehlers-roofing-zero-cross-v1,1h,mode_a|hp48_ss10,171,29.24,-38.37,5.87,-6.5339,FAIL,702,29.63,-87.71,32.11,-2.7319,FAIL,-1.16,-4.88,
BTCUSDT,ehlers-roofing-zero-cross-v1,1h,mode_a|hp40_ss10,195,29.74,-44.54,5.87,-7.5834,FAIL,758,29.82,-87.29,32.11,-2.7189,FAIL,-1.42,-4.79,
BTCUSDT,ehlers-roofing-zero-cross-v1,1h,mode_a|hp80_ss40,67,35.82,-13.73,5.87,-2.3385,FAIL,271,37.27,-54.13,32.11,-1.6859,FAIL,-0.32,-1.69,
BTCUSDT,ehlers-roofing-zero-cross-v1,4h,mode_a|hp48_ss10,42,38.10,8.53,7.22,1.1811,FAIL,169,34.91,1.33,31.52,0.0423,FAIL,0.28,0.26,
BTCUSDT,ehlers-roofing-zero-cross-v1,4h,mode_a|hp40_ss10,47,42.55,1.86,7.22,0.2568,FAIL,185,35.14,-15.05,31.52,-0.4774,FAIL,0.12,-0.17,
BTCUSDT,ehlers-roofing-zero-cross-v1,4h,mode_a|hp80_ss40,19,31.58,0.06,7.22,0.0084,FAIL,68,36.76,1.65,31.52,0.0524,FAIL,0.07,0.26,
