symbol,strategy_id,tf,mode_params,bnb_smoke,n_6m,wr_6m_pct,mode_a_ret_6m_pct,bh_ret_6m_pct,ratio_bh_6m,pass_6m,n_full,wr_full_pct,mode_a_ret_full_pct,bh_ret_full_pct,ratio_bh_full,pass_full,ops_ret_6m_pct,ops_ret_full_pct,notes
BTCUSDT,rvol-pivot-structure-break-v1,1h,mode_a|k1.2|v20|p2,Y,107,25.2,-21.87,7.37,-2.966,FAIL,463,24.6,-71.90,31.40,-2.290,FAIL,-0.61,-3.06,
BTCUSDT,rvol-pivot-structure-break-v1,1h,mode_a|k1.5|v20|p2,Y,88,25.0,-16.32,7.37,-2.214,FAIL,354,25.4,-57.89,31.40,-1.844,FAIL,-0.44,-2.09,
BTCUSDT,rvol-pivot-structure-break-v1,1h,mode_a|k2.0|v20|p2,Y,53,28.3,-6.69,7.37,-0.908,FAIL,225,25.8,-45.44,31.40,-1.447,FAIL,-0.17,-1.47,
BTCUSDT,rvol-pivot-structure-break-v1,1h,mode_a|k1.5|v50|p2,Y,73,28.8,-10.77,7.37,-1.460,FAIL,321,26.8,-54.44,31.40,-1.734,FAIL,-0.28,-1.90,
BTCUSDT,rvol-pivot-structure-break-v1,1h,mode_a|k1.5|v20|p3,Y,81,28.4,-10.91,7.37,-1.480,FAIL,327,30.0,-56.10,31.40,-1.787,FAIL,-0.28,-1.98,
BTCUSDT,rvol-pivot-structure-break-v1,1h,mode_b|k1.2|v20|L5,Y,109,16.5,-37.06,7.37,-5.026,FAIL,415,23.9,-73.13,31.40,-2.329,FAIL,-1.14,-3.17,
BTCUSDT,rvol-pivot-structure-break-v1,1h,mode_b|k1.5|v20|L10,Y,60,21.7,-21.86,7.37,-2.965,FAIL,218,22.0,-57.94,31.40,-1.846,FAIL,-0.61,-2.09,
BTCUSDT,rvol-pivot-structure-break-v1,1h,mode_b|k2.0|v20|L20,Y,30,26.7,6.34,7.37,0.860,FAIL,114,22.8,-27.38,31.40,-0.872,FAIL,0.20,-0.72,
BTCUSDT,rvol-pivot-structure-break-v1,1h,mode_b|k1.5|v50|L10,Y,55,16.4,-25.48,7.37,-3.456,FAIL,198,21.2,-56.39,31.40,-1.796,FAIL,-0.72,-2.00,
BTCUSDT,rvol-pivot-structure-break-v1,4h,mode_a|k1.2|v20|p2,Y,30,20.0,-4.79,7.56,-0.634,FAIL,130,25.4,-33.92,31.31,-1.083,FAIL,-0.10,-0.98,
BTCUSDT,rvol-pivot-structure-break-v1,4h,mode_a|k1.5|v20|p2,Y,21,23.8,0.61,7.56,0.081,FAIL,91,27.5,-23.86,31.31,-0.762,FAIL,0.03,-0.63,
BTCUSDT,rvol-pivot-structure-break-v1,4h,mode_a|k2.0|v20|p2,Y,12,16.7,3.87,7.56,0.513,FAIL,56,25.0,-19.65,31.31,-0.628,FAIL,0.11,-0.51,
BTCUSDT,rvol-pivot-structure-break-v1,4h,mode_a|k1.5|v50|p2,Y,18,16.7,0.86,7.56,0.113,FAIL,83,26.5,-22.35,31.31,-0.714,FAIL,0.04,-0.59,
BTCUSDT,rvol-pivot-structure-break-v1,4h,mode_a|k1.5|v20|p3,Y,20,30.0,7.80,7.56,1.032,FAIL,88,28.4,-21.98,31.31,-0.702,FAIL,0.21,-0.57,Near-miss 6m (1.03x B&H)
BTCUSDT,rvol-pivot-structure-break-v1,4h,mode_b|k1.2|v20|L5,Y,31,41.9,6.01,7.56,0.796,FAIL,111,32.4,-39.44,31.31,-1.260,FAIL,0.17,-1.19,
BTCUSDT,rvol-pivot-structure-break-v1,4h,mode_b|k1.5|v20|L10,Y,12,25.0,9.64,7.56,1.276,PASS,52,30.8,6.71,31.31,0.214,FAIL,0.27,0.25,
BTCUSDT,rvol-pivot-structure-break-v1,4h,mode_b|k2.0|v20|L20,Y,3,33.3,0.23,7.56,0.031,FAIL,15,26.7,2.59,31.31,0.083,FAIL,0.01,0.11,
BTCUSDT,rvol-pivot-structure-break-v1,4h,mode_b|k1.5|v50|L10,Y,11,18.2,-9.36,7.56,-1.239,FAIL,45,20.0,-27.50,31.31,-0.878,FAIL,-0.24,-0.77,
ETHUSDT,rvol-pivot-structure-break-v1,4h,mode_b|k1.5|v20|L10,Y,20,35.0,21.54,11.45,1.882,PASS,72,37.5,56.99,6.11,9.319,PASS,0.57,1.43,
SOLUSDT,rvol-pivot-structure-break-v1,4h,mode_b|k1.5|v20|L10,Y,16,25.0,13.56,11.41,1.188,FAIL,60,26.7,-24.33,-23.98,1.015,PASS,0.40,-0.54,Near-miss 6m (1.19x B&H); SOL hard filter
BTCUSDT,emv-zero-rvol-atr-gate-v1,1h,mode_a|len14|k1.0|atr0.002,Y,95,27.4,-13.68,7.37,-1.855,FAIL,356,23.9,-53.23,31.40,-1.695,FAIL,-0.32,-1.74,
BTCUSDT,emv-zero-rvol-atr-gate-v1,1h,mode_a|len14|k1.5|atr0.002,Y,57,31.6,-2.76,7.37,-0.374,FAIL,191,24.1,-52.09,31.40,-1.659,FAIL,-0.02,-1.74,
BTCUSDT,emv-zero-rvol-atr-gate-v1,1h,mode_a|len14|k1.5|atr0.004,Y,53,32.1,-1.87,7.37,-0.254,FAIL,177,24.9,-50.71,31.40,-1.615,FAIL,-0.00,-1.67,
BTCUSDT,emv-zero-rvol-atr-gate-v1,1h,mode_a|len10|k1.5|atr0.002,Y,53,30.2,-17.61,7.37,-2.388,FAIL,199,28.6,-52.51,31.40,-1.672,FAIL,-0.47,-1.79,
BTCUSDT,emv-zero-rvol-atr-gate-v1,1h,mode_a|len20|k1.5|atr0.002,Y,43,30.2,0.50,7.37,0.067,FAIL,156,28.2,-43.42,31.40,-1.383,FAIL,0.06,-1.33,
BTCUSDT,emv-zero-rvol-atr-gate-v1,1h,mode_a|len14|k1.0|atr_off,Y,97,26.8,-14.18,7.37,-1.923,FAIL,359,24.0,-53.41,31.40,-1.701,FAIL,-0.33,-1.75,
BTCUSDT,emv-zero-rvol-atr-gate-v1,1h,mode_b|len14|k1.5|atr0.002,Y,70,27.1,-17.71,7.37,-2.402,FAIL,272,29.8,-51.49,31.40,-1.640,FAIL,-0.48,-1.74,
BTCUSDT,emv-zero-rvol-atr-gate-v1,4h,mode_a|len14|k1.0|atr0.002,Y,17,23.5,2.72,7.56,0.360,FAIL,68,23.5,0.18,31.31,0.006,FAIL,0.12,0.11,
BTCUSDT,emv-zero-rvol-atr-gate-v1,4h,mode_a|len14|k1.5|atr0.002,Y,7,28.6,13.78,7.56,1.824,PASS,34,32.4,17.40,31.31,0.556,FAIL,0.37,0.48,
BTCUSDT,emv-zero-rvol-atr-gate-v1,4h,mode_a|len14|k1.5|atr0.004,Y,7,28.6,13.78,7.56,1.824,PASS,34,32.4,17.40,31.31,0.556,FAIL,0.37,0.48,
BTCUSDT,emv-zero-rvol-atr-gate-v1,4h,mode_a|len10|k1.5|atr0.002,Y,11,36.4,14.97,7.56,1.982,PASS,37,35.1,0.53,31.31,0.017,FAIL,0.40,0.08,
BTCUSDT,emv-zero-rvol-atr-gate-v1,4h,mode_a|len20|k1.5|atr0.002,Y,6,50.0,22.75,7.56,3.011,PASS,28,42.9,35.10,31.31,1.121,FAIL,0.57,0.88,
BTCUSDT,emv-zero-rvol-atr-gate-v1,4h,mode_a|len14|k1.0|atr_off,Y,17,23.5,2.72,7.56,0.360,FAIL,68,23.5,0.18,31.31,0.006,FAIL,0.12,0.11,
BTCUSDT,emv-zero-rvol-atr-gate-v1,4h,mode_b|len14|k1.5|atr0.002,Y,16,50.0,21.02,7.56,2.783,PASS,61,29.5,0.04,31.31,0.001,FAIL,0.51,0.06,
ETHUSDT,emv-zero-rvol-atr-gate-v1,4h,mode_a|len14|k1.5|atr0.002,Y,14,21.4,-16.60,11.45,-1.450,FAIL,42,23.8,-30.15,6.11,-4.931,FAIL,-0.44,-0.78,
ETHUSDT,emv-zero-rvol-atr-gate-v1,4h,mode_a|len14|k1.5|atr0.004,Y,14,21.4,-16.60,11.45,-1.450,FAIL,42,23.8,-30.15,6.11,-4.931,FAIL,-0.44,-0.78,
ETHUSDT,emv-zero-rvol-atr-gate-v1,4h,mode_a|len10|k1.5|atr0.002,Y,12,33.3,8.69,11.45,0.759,FAIL,52,34.6,38.42,6.11,6.284,PASS,0.28,1.03,
ETHUSDT,emv-zero-rvol-atr-gate-v1,4h,mode_a|len20|k1.5|atr0.002,Y,9,11.1,7.01,11.45,0.612,FAIL,42,28.6,12.60,6.11,2.061,PASS,0.27,0.65,
ETHUSDT,emv-zero-rvol-atr-gate-v1,4h,mode_b|len14|k1.5|atr0.002,Y,15,26.7,-4.79,11.45,-0.418,FAIL,69,31.9,14.67,6.11,2.399,PASS,-0.12,0.60,
BTCUSDT,pvo-gate-sma-mom-v1,1h,mode_a|pvo_pos|len10|exit_loss_on,Y,132,18.9,-37.65,7.37,-5.107,FAIL,537,25.7,-77.72,31.40,-2.475,FAIL,-1.16,-3.61,
BTCUSDT,pvo-gate-sma-mom-v1,1h,mode_a|pvo_pos|len20|exit_loss_on,Y,90,18.9,-29.37,7.37,-3.984,FAIL,357,23.5,-68.70,31.40,-2.188,FAIL,-0.86,-2.80,
BTCUSDT,pvo-gate-sma-mom-v1,1h,mode_a|pvo_pos|len34|exit_loss_on,Y,77,19.5,-25.27,7.37,-3.427,FAIL,281,25.6,-59.72,31.40,-1.902,FAIL,-0.72,-2.20,
BTCUSDT,pvo-gate-sma-mom-v1,1h,mode_a|pvo_sig|len20|exit_loss_on,Y,89,21.3,-27.64,7.37,-3.749,FAIL,333,19.2,-74.53,31.40,-2.374,FAIL,-0.80,-3.32,
BTCUSDT,pvo-gate-sma-mom-v1,1h,mode_b|pvo_pos|len20|exit_loss_on,Y,170,21.8,-39.14,7.37,-5.308,FAIL,665,25.3,-81.65,31.40,-2.601,FAIL,-1.21,-4.02,
BTCUSDT,pvo-gate-sma-mom-v1,1h,mode_a|pvo_pos|len20|exit_loss_off,Y,90,20.0,-32.59,7.37,-4.421,FAIL,357,18.2,-74.59,31.40,-2.376,FAIL,-0.97,-3.28,
BTCUSDT,pvo-gate-sma-mom-v1,1h,mode_a|pvo_pos|len50|exit_loss_on,Y,72,20.8,-18.90,7.37,-2.564,FAIL,237,25.7,-50.46,31.40,-1.607,FAIL,-0.52,-1.70,
BTCUSDT,pvo-gate-sma-mom-v1,4h,mode_a|pvo_pos|len10|exit_loss_on,Y,34,32.4,-15.14,7.56,-2.004,FAIL,139,33.8,-30.99,31.31,-0.990,FAIL,-0.40,-0.87,
BTCUSDT,pvo-gate-sma-mom-v1,4h,mode_a|pvo_pos|len20|exit_loss_on,Y,19,31.6,-9.32,7.56,-1.234,FAIL,86,31.4,-24.44,31.31,-0.780,FAIL,-0.24,-0.65,
BTCUSDT,pvo-gate-sma-mom-v1,4h,mode_a|pvo_pos|len34|exit_loss_on,Y,22,27.3,-8.79,7.56,-1.164,FAIL,85,32.9,-4.80,31.31,-0.153,FAIL,-0.22,-0.08,
BTCUSDT,pvo-gate-sma-mom-v1,4h,mode_a|pvo_sig|len20|exit_loss_on,Y,23,39.1,-9.13,7.56,-1.208,FAIL,87,33.3,-26.86,31.31,-0.858,FAIL,-0.23,-0.73,
BTCUSDT,pvo-gate-sma-mom-v1,4h,mode_b|pvo_pos|len20|exit_loss_on,Y,49,26.5,-12.94,7.56,-1.712,FAIL,188,30.3,-32.82,31.31,-1.048,FAIL,-0.32,-0.84,
BTCUSDT,pvo-gate-sma-mom-v1,4h,mode_a|pvo_pos|len20|exit_loss_off,Y,19,26.3,-12.38,7.56,-1.639,FAIL,86,24.4,-15.51,31.31,-0.495,FAIL,-0.32,-0.28,
BTCUSDT,pvo-gate-sma-mom-v1,4h,mode_a|pvo_pos|len50|exit_loss_on,Y,19,21.1,-16.67,7.56,-2.206,FAIL,72,29.2,-22.10,31.31,-0.706,FAIL,-0.45,-0.59,
BTCUSDT,p4h-hl-accept-break-v1,15m,mode_a|k1.5|1trade,Y,234,17.1,-48.33,5.66,-8.543,FAIL,920,18.9,-92.24,31.84,-2.897,FAIL,-1.62,-6.13,
BTCUSDT,p4h-hl-accept-break-v1,15m,mode_a|k1.2|1trade,Y,287,14.6,-59.02,5.66,-10.433,FAIL,1139,16.9,-96.63,31.84,-3.035,FAIL,-2.19,-8.07,
BTCUSDT,p4h-hl-accept-break-v1,15m,mode_a|k_off|1trade,Y,405,12.3,-74.40,5.66,-13.152,FAIL,1665,14.4,-99.47,31.84,-3.125,FAIL,-3.33,-12.22,
BTCUSDT,p4h-hl-accept-break-v1,15m,mode_b|k1.5|1trade,Y,286,16.1,-56.77,5.66,-10.035,FAIL,1163,17.7,-96.68,31.84,-3.037,FAIL,-2.06,-8.10,
BTCUSDT,p4h-hl-accept-break-v1,15m,mode_a|k1.5|multi,Y,258,17.4,-53.33,5.66,-9.427,FAIL,1001,19.6,-93.68,31.84,-2.943,FAIL,-1.87,-6.61,
BTCUSDT,p4h-hl-accept-break-v1,1h,mode_a|k1.5|1trade,Y,111,28.8,-20.06,7.37,-2.720,FAIL,449,25.2,-68.82,31.40,-2.192,FAIL,-0.55,-2.82,
BTCUSDT,p4h-hl-accept-break-v1,1h,mode_a|k1.2|1trade,Y,141,28.4,-28.20,7.37,-3.824,FAIL,593,23.6,-80.85,31.40,-2.575,FAIL,-0.81,-3.99,
BTCUSDT,p4h-hl-accept-break-v1,1h,mode_a|k_off|1trade,Y,293,22.5,-58.34,7.37,-7.914,FAIL,1251,20.1,-98.07,31.40,-3.124,FAIL,-2.15,-9.31,
BTCUSDT,p4h-hl-accept-break-v1,1h,mode_b|k1.5|1trade,Y,136,25.0,-27.91,7.37,-3.786,FAIL,525,23.8,-76.90,31.40,-2.449,FAIL,-0.80,-3.54,
BTCUSDT,p4h-hl-accept-break-v1,1h,mode_a|k1.5|multi,Y,112,28.6,-20.56,7.37,-2.788,FAIL,459,25.1,-69.19,31.40,-2.204,FAIL,-0.56,-2.85,
BTCUSDT,zlema-sma-cross-v1,1h,"mode_a|(20,50)|k1.2",Y,23,26.1,0.77,7.37,0.104,FAIL,86,31.4,-20.94,31.40,-0.667,FAIL,0.07,-0.47,
BTCUSDT,zlema-sma-cross-v1,1h,"mode_a|(20,50)|k1.5",Y,21,28.6,3.61,7.37,0.490,FAIL,68,36.8,-1.21,31.40,-0.038,FAIL,0.14,0.08,
BTCUSDT,zlema-sma-cross-v1,1h,"mode_a|(10,30)|k1.2",Y,47,31.9,-14.43,7.37,-1.958,FAIL,162,24.7,-48.79,31.40,-1.554,FAIL,-0.38,-1.58,
BTCUSDT,zlema-sma-cross-v1,1h,"mode_a|(34,89)|k1.2",Y,9,44.4,21.40,7.37,2.902,PASS,57,35.1,36.59,31.40,1.166,FAIL,0.55,0.96,
BTCUSDT,zlema-sma-cross-v1,1h,"mode_a|(20,50)|k_off",Y,70,22.9,-13.52,7.37,-1.834,FAIL,266,28.2,-45.96,31.40,-1.464,FAIL,-0.30,-1.26,
BTCUSDT,zlema-sma-cross-v1,1h,"mode_b|(20,50)|k1.2",Y,25,44.0,14.65,7.37,1.987,PASS,131,35.1,-16.27,31.40,-0.518,FAIL,0.38,-0.36,
BTCUSDT,zlema-sma-cross-v1,4h,"mode_a|(20,50)|k1.2",Y,5,20.0,-9.38,7.56,-1.242,FAIL,26,30.8,-9.42,31.31,-0.301,FAIL,-0.24,-0.13,
BTCUSDT,zlema-sma-cross-v1,4h,"mode_a|(20,50)|k1.5",Y,1,100.0,1.73,7.56,0.229,FAIL,19,36.8,2.93,31.31,0.093,FAIL,0.04,0.18,
BTCUSDT,zlema-sma-cross-v1,4h,"mode_a|(10,30)|k1.2",Y,8,50.0,19.22,7.56,2.544,PASS,44,36.4,52.47,31.31,1.676,PASS,0.50,1.30,
BTCUSDT,zlema-sma-cross-v1,4h,"mode_a|(34,89)|k1.2",Y,3,33.3,0.24,7.56,0.032,FAIL,17,35.3,19.85,31.31,0.634,FAIL,0.02,0.57,
BTCUSDT,zlema-sma-cross-v1,4h,"mode_a|(20,50)|k_off",Y,14,28.6,10.23,7.56,1.355,PASS,69,29.0,-20.28,31.31,-0.648,FAIL,0.32,-0.30,
BTCUSDT,zlema-sma-cross-v1,4h,"mode_b|(20,50)|k1.2",Y,6,33.3,-7.65,7.56,-1.013,FAIL,32,43.8,3.06,31.31,0.098,FAIL,-0.20,0.14,
ETHUSDT,zlema-sma-cross-v1,1h,"mode_a|(34,89)|k1.2",Y,18,33.3,15.54,11.22,1.385,PASS,66,31.8,14.32,5.64,2.539,PASS,0.48,0.69,
ETHUSDT,zlema-sma-cross-v1,1h,"mode_b|(20,50)|k1.2",Y,33,33.3,-5.30,11.22,-0.472,FAIL,138,37.7,10.99,5.64,1.949,PASS,-0.11,0.47,
ETHUSDT,zlema-sma-cross-v1,4h,"mode_a|(10,30)|k1.2",Y,15,33.3,16.33,11.45,1.426,PASS,54,29.6,14.01,6.11,2.291,PASS,0.48,0.70,
ETHUSDT,zlema-sma-cross-v1,4h,"mode_a|(20,50)|k_off",Y,21,23.8,-1.78,11.45,-0.156,FAIL,76,26.3,-12.43,6.11,-2.033,FAIL,0.06,0.24,
SOLUSDT,zlema-sma-cross-v1,1h,"mode_a|(34,89)|k1.2",Y,19,21.1,2.22,12.35,0.179,FAIL,63,31.7,-13.82,-23.97,0.576,PASS,0.16,-0.10,SOL hard filter
SOLUSDT,zlema-sma-cross-v1,4h,"mode_a|(10,30)|k1.2",Y,14,21.4,5.64,11.41,0.494,FAIL,50,28.0,-16.07,-23.98,0.670,PASS,0.28,-0.07,SOL hard filter
