strategy_id,TF,mode,p,x,q,btc_n_6m,btc_wr_6m,btc_ret_6m,btc_bh_6m,btc_x_bh_6m,btc_pass_6m,btc_smoke,eth_n_6m,eth_ret_6m,eth_bh_6m,eth_x_bh_6m,eth_pass_6m,eth_smoke,sol_n_6m,sol_ret_6m,sol_bh_6m,sol_x_bh_6m,sol_pass_6m,sol_smoke,bnb_n_6m,bnb_ret_6m,bnb_bh_6m,bnb_x_bh_6m,bnb_pass_6m,bnb_smoke,full_ladder_pass_6m,btc_ret_2y,btc_n_2y,btc_bh_2y,btc_ops_ret_2y,notes
chande-kroll-stop-flip,1h,A,14,1.0,9,72,40.28,24.09,26.77,0.900,N,FAIL: lag B&H (0.900x),82,19.78,35.57,0.556,N,FAIL: under 1.2x B&H (0.556x),88,17.18,38.52,0.446,N,"FAIL: under 1.2x B&H (0.446x, 0.922x rhyme)",86,3.60,28.88,0.125,N,"FAIL: under 1.2x B&H (0.125x, quiet wipe)",N,-50.18,360,37.55,-1.47,denser_n(72>>9)
chande-kroll-stop-flip,1h,A,8,1.0,14,75,38.67,23.90,26.77,0.893,N,FAIL: lag B&H (0.893x),89,6.56,35.57,0.185,N,FAIL: under 1.2x B&H (0.185x),92,6.14,38.52,0.159,N,"FAIL: under 1.2x B&H (0.159x, 0.922x rhyme)",89,4.40,28.88,0.152,N,"FAIL: under 1.2x B&H (0.152x, quiet wipe)",N,-48.85,372,37.55,-1.43,denser_n(75>>9)
chande-kroll-stop-flip,1h,A,14,1.0,11,67,37.31,21.93,26.77,0.819,N,FAIL: lag B&H (0.819x),76,23.27,35.57,0.654,N,FAIL: under 1.2x B&H (0.654x),79,19.75,38.52,0.513,N,"FAIL: under 1.2x B&H (0.513x, 0.922x rhyme)",78,4.26,28.88,0.148,N,"FAIL: under 1.2x B&H (0.148x, quiet wipe)",N,-46.47,325,37.55,-1.30,denser_n(67>>9)
chande-kroll-stop-flip,1h,A,8,0.8,14,69,40.58,21.71,26.77,0.811,N,FAIL: lag B&H (0.811x),76,15.53,35.57,0.437,N,FAIL: under 1.2x B&H (0.437x),81,6.84,38.52,0.177,N,"FAIL: under 1.2x B&H (0.177x, 0.922x rhyme)",82,6.14,28.88,0.212,N,"FAIL: under 1.2x B&H (0.212x, quiet wipe)",N,-45.60,329,37.55,-1.26,denser_n(69>>9)
chande-kroll-stop-flip,4h,A,10,1.2,14,20,45.00,18.80,23.52,0.799,N,FAIL: lag B&H (0.799x),22,11.13,30.24,0.368,N,FAIL: under 1.2x B&H (0.368x),23,15.89,32.43,0.490,N,"FAIL: under 1.2x B&H (0.490x, 0.922x rhyme)",24,6.41,26.27,0.244,N,"FAIL: under 1.2x B&H (0.244x, quiet wipe)",N,3.50,88,37.14,0.39,denser_n(20>>9)
chande-kroll-stop-flip,4h,A,8,1.2,14,23,39.13,17.92,23.52,0.762,N,FAIL: lag B&H (0.762x),24,22.24,30.24,0.736,N,FAIL: under 1.2x B&H (0.736x),23,21.87,32.43,0.674,N,"FAIL: under 1.2x B&H (0.674x, 0.922x rhyme)",28,8.42,26.27,0.321,N,"FAIL: under 1.2x B&H (0.321x, quiet wipe)",N,-0.12,97,37.14,0.25,denser_n(23>>9)
chande-kroll-stop-flip,4h,A,12,1.0,11,20,45.00,17.43,23.52,0.741,N,FAIL: lag B&H (0.741x),20,12.39,30.24,0.410,N,FAIL: under 1.2x B&H (0.410x),20,14.94,32.43,0.461,N,"FAIL: under 1.2x B&H (0.461x, 0.922x rhyme)",20,11.26,26.27,0.428,N,"FAIL: under 1.2x B&H (0.428x, quiet wipe)",N,20.59,81,37.14,0.78,denser_n(20>>9)
chande-kroll-stop-flip,4h,A,12,1.2,5,33,30.30,17.29,23.52,0.735,N,FAIL: lag B&H (0.735x),39,8.27,30.24,0.273,N,FAIL: under 1.2x B&H (0.273x),34,25.57,32.43,0.789,N,"FAIL: under 1.2x B&H (0.789x, 0.922x rhyme)",38,7.35,26.27,0.280,N,"FAIL: under 1.2x B&H (0.280x, quiet wipe)",N,1.71,145,37.14,0.33,denser_n(33>>9)
chande-kroll-stop-flip,4h,A,8,1.5,9,40,32.50,17.17,23.52,0.730,N,FAIL: lag B&H (0.730x),48,-0.43,30.24,-0.014,N,FAIL: under 1.2x B&H (-0.014x),48,12.18,32.43,0.376,N,"FAIL: under 1.2x B&H (0.376x, 0.922x rhyme)",44,6.40,26.27,0.243,N,"FAIL: under 1.2x B&H (0.243x, quiet wipe)",N,-12.35,174,37.14,-0.04,denser_n(40>>9)
chande-kroll-stop-flip,4h,A,14,1.2,9,22,40.91,16.79,23.52,0.714,N,FAIL: lag B&H (0.714x),22,18.86,30.24,0.624,N,FAIL: under 1.2x B&H (0.624x),23,17.82,32.43,0.550,N,"FAIL: under 1.2x B&H (0.550x, 0.922x rhyme)",27,5.27,26.27,0.201,N,"FAIL: under 1.2x B&H (0.201x, quiet wipe)",N,18.64,93,37.14,0.74,denser_n(22>>9)
chande-kroll-stop-flip,1h,A,14,0.8,9,68,39.71,18.78,26.77,0.702,N,FAIL: lag B&H (0.702x),69,19.90,35.57,0.560,N,FAIL: under 1.2x B&H (0.560x),78,7.03,38.52,0.182,N,"FAIL: under 1.2x B&H (0.182x, 0.922x rhyme)",75,9.11,28.88,0.315,N,"FAIL: under 1.2x B&H (0.315x, quiet wipe)",N,-54.24,325,37.55,-1.68,denser_n(68>>9)
chande-kroll-stop-flip,4h,A,12,1.2,14,18,38.89,16.32,23.52,0.694,N,FAIL: lag B&H (0.694x),19,12.80,30.24,0.423,N,FAIL: under 1.2x B&H (0.423x),19,18.07,32.43,0.557,N,"FAIL: under 1.2x B&H (0.557x, 0.922x rhyme)",23,4.32,26.27,0.164,N,"FAIL: under 1.2x B&H (0.164x, quiet wipe)",N,-2.54,81,37.14,0.24,denser_n(18>>9)
chande-kroll-stop-flip,4h,A,14,1.2,14,16,37.50,16.31,23.52,0.694,N,FAIL: lag B&H (0.694x),17,9.65,30.24,0.319,N,FAIL: under 1.2x B&H (0.319x),20,13.97,32.43,0.431,N,"FAIL: under 1.2x B&H (0.431x, 0.922x rhyme)",19,3.02,26.27,0.115,N,"FAIL: under 1.2x B&H (0.115x, quiet wipe)",N,-8.27,76,37.14,0.02,denser_n(16>>9)
chande-kroll-stop-flip,4h,A,14,1.2,11,19,42.11,16.06,23.52,0.683,N,FAIL: lag B&H (0.683x),20,12.99,30.24,0.430,N,FAIL: under 1.2x B&H (0.430x),20,27.02,32.43,0.833,N,"FAIL: under 1.2x B&H (0.833x, 0.922x rhyme)",23,7.79,26.27,0.296,N,"FAIL: under 1.2x B&H (0.296x, quiet wipe)",N,-0.88,86,37.14,0.28,denser_n(19>>9)
chande-kroll-stop-flip,4h,A,14,1.0,14,15,40.00,16.04,23.52,0.682,N,FAIL: lag B&H (0.682x),15,15.67,30.24,0.518,N,FAIL: under 1.2x B&H (0.518x),16,22.97,32.43,0.708,N,"FAIL: under 1.2x B&H (0.708x, 0.922x rhyme)",18,0.83,26.27,0.032,N,"FAIL: under 1.2x B&H (0.032x, quiet wipe)",N,3.40,65,37.14,0.30,denser_n(15>>9)
chande-kroll-stop-flip,1h,A,10,1.0,14,71,36.62,18.14,26.77,0.678,N,FAIL: lag B&H (0.678x),78,23.73,35.57,0.667,N,FAIL: under 1.2x B&H (0.667x),84,7.14,38.52,0.185,N,"FAIL: under 1.2x B&H (0.185x, 0.922x rhyme)",81,7.69,28.88,0.266,N,"FAIL: under 1.2x B&H (0.266x, quiet wipe)",N,-52.81,341,37.55,-1.60,denser_n(71>>9)
chande-kroll-stop-flip,4h,A,14,0.8,7,20,45.00,15.70,23.52,0.667,N,FAIL: lag B&H (0.667x),19,11.97,30.24,0.396,N,FAIL: under 1.2x B&H (0.396x),20,18.16,32.43,0.560,N,"FAIL: under 1.2x B&H (0.560x, 0.922x rhyme)",20,7.72,26.27,0.294,N,"FAIL: under 1.2x B&H (0.294x, quiet wipe)",N,13.02,82,37.14,0.61,denser_n(20>>9)
chande-kroll-stop-flip,4h,A,12,1.2,11,22,40.91,15.63,23.52,0.665,N,FAIL: lag B&H (0.665x),22,20.34,30.24,0.673,N,FAIL: under 1.2x B&H (0.673x),22,18.48,32.43,0.570,N,"FAIL: under 1.2x B&H (0.570x, 0.922x rhyme)",28,2.43,26.27,0.093,N,"FAIL: under 1.2x B&H (0.093x, quiet wipe)",N,6.41,94,37.14,0.47,denser_n(22>>9)
chande-kroll-stop-flip,1h,A,12,1.0,11,74,37.84,17.63,26.77,0.659,N,FAIL: lag B&H (0.659x),82,20.23,35.57,0.569,N,FAIL: under 1.2x B&H (0.569x),89,7.01,38.52,0.182,N,"FAIL: under 1.2x B&H (0.182x, 0.922x rhyme)",86,1.54,28.88,0.053,N,"FAIL: under 1.2x B&H (0.053x, quiet wipe)",N,-57.68,366,37.55,-1.86,denser_n(74>>9)
chande-kroll-stop-flip,1h,A,12,0.8,11,68,39.71,17.55,26.77,0.656,N,FAIL: lag B&H (0.656x),69,20.20,35.57,0.568,N,FAIL: under 1.2x B&H (0.568x),79,5.43,38.52,0.141,N,"FAIL: under 1.2x B&H (0.141x, 0.922x rhyme)",76,8.81,28.88,0.305,N,"FAIL: under 1.2x B&H (0.305x, quiet wipe)",N,-56.41,322,37.55,-1.80,denser_n(68>>9)
chande-kroll-stop-flip,4h,A,14,0.8,9,18,50.00,15.23,23.52,0.648,N,FAIL: lag B&H (0.648x),18,5.91,30.24,0.195,N,FAIL: under 1.2x B&H (0.195x),18,13.19,32.43,0.407,N,"FAIL: under 1.2x B&H (0.407x, 0.922x rhyme)",19,0.28,26.27,0.011,N,"FAIL: under 1.2x B&H (0.011x, quiet wipe)",N,-0.34,76,37.14,0.29,denser_n(18>>9)
chande-kroll-stop-flip,4h,A,10,1.0,14,19,42.11,15.09,23.52,0.642,N,FAIL: lag B&H (0.642x),19,7.90,30.24,0.261,N,FAIL: under 1.2x B&H (0.261x),20,12.71,32.43,0.392,N,"FAIL: under 1.2x B&H (0.392x, 0.922x rhyme)",21,4.82,26.27,0.184,N,"FAIL: under 1.2x B&H (0.184x, quiet wipe)",N,1.17,80,37.14,0.32,denser_n(19>>9)
chande-kroll-stop-flip,4h,A,8,1.0,14,22,40.91,15.07,23.52,0.641,N,FAIL: lag B&H (0.641x),20,17.16,30.24,0.567,N,FAIL: under 1.2x B&H (0.567x),20,26.40,32.43,0.814,N,"FAIL: under 1.2x B&H (0.814x, 0.922x rhyme)",24,8.40,26.27,0.320,N,"FAIL: under 1.2x B&H (0.320x, quiet wipe)",N,16.66,85,37.14,0.70,denser_n(22>>9)
chande-kroll-stop-flip,1h,A,14,0.8,7,74,37.84,17.03,26.77,0.636,N,FAIL: lag B&H (0.636x),82,5.69,35.57,0.160,N,FAIL: under 1.2x B&H (0.160x),87,2.63,38.52,0.068,N,"FAIL: under 1.2x B&H (0.068x, 0.922x rhyme)",85,4.31,28.88,0.149,N,"FAIL: under 1.2x B&H (0.149x, quiet wipe)",N,-47.80,354,37.55,-1.35,denser_n(74>>9)
chande-kroll-stop-flip,4h,A,12,0.8,11,18,50.00,14.93,23.52,0.635,N,FAIL: lag B&H (0.635x),18,5.86,30.24,0.194,N,FAIL: under 1.2x B&H (0.194x),18,12.30,32.43,0.379,N,"FAIL: under 1.2x B&H (0.379x, 0.922x rhyme)",19,0.28,26.27,0.011,N,"FAIL: under 1.2x B&H (0.011x, quiet wipe)",N,-1.27,75,37.14,0.27,denser_n(18>>9)
chande-kroll-stop-flip,4h,A,8,1.5,7,52,32.69,14.80,23.52,0.629,N,FAIL: lag B&H (0.629x),50,8.40,30.24,0.278,N,FAIL: under 1.2x B&H (0.278x),52,15.18,32.43,0.468,N,"FAIL: under 1.2x B&H (0.468x, 0.922x rhyme)",50,1.55,26.27,0.059,N,"FAIL: under 1.2x B&H (0.059x, quiet wipe)",N,-33.85,201,37.14,-0.81,denser_n(52>>9)
chande-kroll-stop-flip,1h,A,14,0.8,11,60,36.67,16.53,26.77,0.618,N,FAIL: lag B&H (0.618x),66,18.21,35.57,0.512,N,FAIL: under 1.2x B&H (0.512x),71,12.36,38.52,0.321,N,"FAIL: under 1.2x B&H (0.321x, 0.922x rhyme)",67,12.11,28.88,0.419,N,"FAIL: under 1.2x B&H (0.419x, quiet wipe)",N,-40.01,282,37.55,-1.02,denser_n(60>>9)
chande-kroll-stop-flip,4h,A,12,1.2,9,25,36.00,14.41,23.52,0.613,N,FAIL: lag B&H (0.613x),25,17.35,30.24,0.574,N,FAIL: under 1.2x B&H (0.574x),26,13.89,32.43,0.428,N,"FAIL: under 1.2x B&H (0.428x, 0.922x rhyme)",30,8.70,26.27,0.331,N,"FAIL: under 1.2x B&H (0.331x, quiet wipe)",N,9.63,103,37.14,0.49,denser_n(25>>9)
chande-kroll-stop-flip,4h,A,10,1.2,7,33,30.30,14.09,23.52,0.599,N,FAIL: lag B&H (0.599x),38,7.50,30.24,0.248,N,FAIL: under 1.2x B&H (0.248x),33,23.90,32.43,0.737,N,"FAIL: under 1.2x B&H (0.737x, 0.922x rhyme)",38,6.59,26.27,0.251,N,"FAIL: under 1.2x B&H (0.251x, quiet wipe)",N,1.58,143,37.14,0.33,denser_n(33>>9)
chande-kroll-stop-flip,4h,A,14,1.0,11,18,38.89,13.96,23.52,0.593,N,FAIL: lag B&H (0.593x),18,9.06,30.24,0.300,N,FAIL: under 1.2x B&H (0.300x),19,13.13,32.43,0.405,N,"FAIL: under 1.2x B&H (0.405x, 0.922x rhyme)",21,2.86,26.27,0.109,N,"FAIL: under 1.2x B&H (0.109x, quiet wipe)",N,4.32,74,37.14,0.34,denser_n(18>>9)
chande-kroll-stop-flip,4h,A,14,1.2,7,25,36.00,13.91,23.52,0.592,N,FAIL: lag B&H (0.592x),25,17.82,30.24,0.589,N,FAIL: under 1.2x B&H (0.589x),26,19.72,32.43,0.608,N,"FAIL: under 1.2x B&H (0.608x, 0.922x rhyme)",29,8.30,26.27,0.316,N,"FAIL: under 1.2x B&H (0.316x, quiet wipe)",N,-0.08,106,37.14,0.26,denser_n(25>>9)
chande-kroll-stop-flip,4h,A,10,0.8,14,17,47.06,13.66,23.52,0.581,N,FAIL: lag B&H (0.581x),16,9.90,30.24,0.327,N,FAIL: under 1.2x B&H (0.327x),17,13.59,32.43,0.419,N,"FAIL: under 1.2x B&H (0.419x, 0.922x rhyme)",19,-4.14,26.27,-0.158,N,"FAIL: under 1.2x B&H (-0.158x, quiet wipe)",N,-3.51,73,37.14,0.20,denser_n(17>>9)
chande-kroll-stop-flip,1h,A,10,0.8,11,73,38.36,15.50,26.77,0.579,N,FAIL: lag B&H (0.579x),79,8.41,35.57,0.236,N,FAIL: under 1.2x B&H (0.236x),87,2.04,38.52,0.053,N,"FAIL: under 1.2x B&H (0.053x, 0.922x rhyme)",86,5.12,28.88,0.177,N,"FAIL: under 1.2x B&H (0.177x, quiet wipe)",N,-45.29,345,37.55,-1.24,denser_n(73>>9)
chande-kroll-stop-flip,1h,A,10,0.8,14,66,37.88,15.13,26.77,0.565,N,FAIL: lag B&H (0.565x),65,20.93,35.57,0.589,N,FAIL: under 1.2x B&H (0.589x),73,15.18,38.52,0.394,N,"FAIL: under 1.2x B&H (0.394x, 0.922x rhyme)",72,11.08,28.88,0.383,N,"FAIL: under 1.2x B&H (0.383x, quiet wipe)",N,-47.57,299,37.55,-1.35,denser_n(66>>9)
chande-kroll-stop-flip,4h,A,12,0.8,9,20,45.00,13.26,23.52,0.564,N,FAIL: lag B&H (0.564x),19,11.46,30.24,0.379,N,FAIL: under 1.2x B&H (0.379x),20,16.51,32.43,0.509,N,"FAIL: under 1.2x B&H (0.509x, 0.922x rhyme)",21,6.94,26.27,0.264,N,"FAIL: under 1.2x B&H (0.264x, quiet wipe)",N,11.18,81,37.14,0.56,denser_n(20>>9)
chande-kroll-stop-flip,4h,A,8,0.8,14,19,47.37,13.16,23.52,0.560,N,FAIL: lag B&H (0.560x),20,3.11,30.24,0.103,N,FAIL: under 1.2x B&H (0.103x),20,12.66,32.43,0.390,N,"FAIL: under 1.2x B&H (0.390x, 0.922x rhyme)",21,8.06,26.27,0.307,N,"FAIL: under 1.2x B&H (0.307x, quiet wipe)",N,-1.91,79,37.14,0.26,denser_n(19>>9)
chande-kroll-stop-flip,4h,A,10,1.2,11,25,32.00,12.98,23.52,0.552,N,FAIL: lag B&H (0.552x),26,15.81,30.24,0.523,N,FAIL: under 1.2x B&H (0.523x),25,21.21,32.43,0.654,N,"FAIL: under 1.2x B&H (0.654x, 0.922x rhyme)",30,7.97,26.27,0.303,N,"FAIL: under 1.2x B&H (0.303x, quiet wipe)",N,9.52,103,37.14,0.48,denser_n(25>>9)
chande-kroll-stop-flip,4h,A,8,1.2,9,32,28.12,12.96,23.52,0.551,N,FAIL: lag B&H (0.551x),39,2.11,30.24,0.070,N,FAIL: under 1.2x B&H (0.070x),34,21.93,32.43,0.676,N,"FAIL: under 1.2x B&H (0.676x, 0.922x rhyme)",38,5.50,26.27,0.209,N,"FAIL: under 1.2x B&H (0.209x, quiet wipe)",N,11.19,139,37.14,0.54,denser_n(32>>9)
chande-kroll-stop-flip,4h,A,8,0.8,9,26,34.62,12.64,23.52,0.538,N,FAIL: lag B&H (0.538x),26,7.15,30.24,0.237,N,FAIL: under 1.2x B&H (0.237x),22,39.41,32.43,1.215,Y,PASS_SMOKE,28,6.67,26.27,0.254,N,"FAIL: under 1.2x B&H (0.254x, quiet wipe)",N,4.37,107,37.14,0.37,denser_n(26>>9)
chande-kroll-stop-flip,4h,A,12,1.0,14,17,41.18,12.56,23.52,0.534,N,FAIL: lag B&H (0.534x),18,4.22,30.24,0.140,N,FAIL: under 1.2x B&H (0.140x),18,17.23,32.43,0.531,N,"FAIL: under 1.2x B&H (0.531x, 0.922x rhyme)",20,4.05,26.27,0.154,N,"FAIL: under 1.2x B&H (0.154x, quiet wipe)",N,3.19,72,37.14,0.31,denser_n(17>>9)
chande-kroll-stop-flip,4h,A,10,1.0,11,23,39.13,12.43,23.52,0.529,N,FAIL: lag B&H (0.529x),20,23.94,30.24,0.792,N,FAIL: under 1.2x B&H (0.792x),21,25.97,32.43,0.801,N,"FAIL: under 1.2x B&H (0.801x, 0.922x rhyme)",24,12.22,26.27,0.465,N,"FAIL: under 1.2x B&H (0.465x, quiet wipe)",N,16.62,90,37.14,0.70,denser_n(23>>9)
chande-kroll-stop-flip,4h,A,12,1.0,5,30,30.00,12.42,23.52,0.528,N,FAIL: lag B&H (0.528x),35,2.16,30.24,0.071,N,FAIL: under 1.2x B&H (0.071x),26,39.85,32.43,1.229,Y,PASS_SMOKE,31,13.94,26.27,0.531,N,"FAIL: under 1.2x B&H (0.531x, quiet wipe)",N,3.22,128,37.14,0.37,denser_n(30>>9)
chande-kroll-stop-flip,4h,A,14,1.0,9,22,40.91,12.37,23.52,0.526,N,FAIL: lag B&H (0.526x),21,11.77,30.24,0.389,N,FAIL: under 1.2x B&H (0.389x),20,13.04,32.43,0.402,N,"FAIL: under 1.2x B&H (0.402x, 0.922x rhyme)",21,8.98,26.27,0.342,N,"FAIL: under 1.2x B&H (0.342x, quiet wipe)",N,10.00,84,37.14,0.55,denser_n(22>>9)
chande-kroll-stop-flip,4h,A,14,1.5,7,28,35.71,12.19,23.52,0.518,N,FAIL: lag B&H (0.518x),38,8.57,30.24,0.283,N,FAIL: under 1.2x B&H (0.283x),34,14.57,32.43,0.449,N,"FAIL: under 1.2x B&H (0.449x, 0.922x rhyme)",36,11.31,26.27,0.430,N,"FAIL: under 1.2x B&H (0.430x, quiet wipe)",N,-22.58,129,37.14,-0.36,denser_n(28>>9)
chande-kroll-stop-flip,4h,A,12,0.8,5,27,33.33,12.17,23.52,0.517,N,FAIL: lag B&H (0.517x),29,4.92,30.24,0.163,N,FAIL: under 1.2x B&H (0.163x),22,41.71,32.43,1.286,Y,PASS_SMOKE,28,3.96,26.27,0.151,N,"FAIL: under 1.2x B&H (0.151x, quiet wipe)",N,18.52,106,37.14,0.69,denser_n(27>>9)
chande-kroll-stop-flip,1h,A,14,1.2,11,82,35.37,13.79,26.77,0.515,N,FAIL: lag B&H (0.515x),83,23.78,35.57,0.669,N,FAIL: under 1.2x B&H (0.669x),90,22.32,38.52,0.580,N,"FAIL: under 1.2x B&H (0.580x, 0.922x rhyme)",89,3.52,28.88,0.122,N,"FAIL: under 1.2x B&H (0.122x, quiet wipe)",N,-46.88,369,37.55,-1.33,denser_n(82>>9)
chande-kroll-stop-flip,1h,A,12,0.8,9,75,37.33,13.73,26.77,0.513,N,FAIL: lag B&H (0.513x),81,6.88,35.57,0.193,N,FAIL: under 1.2x B&H (0.193x),86,3.27,38.52,0.085,N,"FAIL: under 1.2x B&H (0.085x, 0.922x rhyme)",86,3.73,28.88,0.129,N,"FAIL: under 1.2x B&H (0.129x, quiet wipe)",N,-49.99,353,37.55,-1.46,denser_n(75>>9)
chande-kroll-stop-flip,4h,A,10,1.0,7,30,30.00,11.91,23.52,0.506,N,FAIL: lag B&H (0.506x),34,3.56,30.24,0.118,N,FAIL: under 1.2x B&H (0.118x),27,33.03,32.43,1.019,N,"FAIL: under 1.2x B&H (1.019x, 0.922x rhyme)",33,9.26,26.27,0.352,N,"FAIL: under 1.2x B&H (0.352x, quiet wipe)",N,9.31,125,37.14,0.51,denser_n(30>>9)
chande-kroll-stop-flip,1h,A,14,0.8,14,55,40.00,13.30,26.77,0.497,N,FAIL: lag B&H (0.497x),57,21.34,35.57,0.600,N,FAIL: under 1.2x B&H (0.600x),60,22.63,38.52,0.587,N,"FAIL: under 1.2x B&H (0.587x, 0.922x rhyme)",63,0.87,28.88,0.030,N,"FAIL: under 1.2x B&H (0.030x, quiet wipe)",N,-29.29,238,37.55,-0.57,denser_n(55>>9)
chande-kroll-stop-flip,4h,A,10,1.5,7,40,30.00,11.57,23.52,0.492,N,FAIL: lag B&H (0.492x),46,3.91,30.24,0.129,N,FAIL: under 1.2x B&H (0.129x),47,10.93,32.43,0.337,N,"FAIL: under 1.2x B&H (0.337x, 0.922x rhyme)",44,8.21,26.27,0.312,N,"FAIL: under 1.2x B&H (0.312x, quiet wipe)",N,-19.48,177,37.14,-0.26,denser_n(40>>9)
chande-kroll-stop-flip,4h,A,14,0.8,5,24,37.50,11.39,23.52,0.484,N,FAIL: lag B&H (0.484x),24,7.76,30.24,0.257,N,FAIL: under 1.2x B&H (0.257x),22,34.79,32.43,1.073,N,"FAIL: under 1.2x B&H (1.073x, 0.922x rhyme)",24,4.46,26.27,0.170,N,"FAIL: under 1.2x B&H (0.170x, quiet wipe)",N,13.56,93,37.14,0.64,denser_n(24>>9)
chande-kroll-stop-flip,4h,A,8,1.0,9,31,29.03,11.32,23.52,0.481,N,FAIL: lag B&H (0.481x),34,-0.82,30.24,-0.027,N,FAIL: under 1.2x B&H (-0.027x),27,30.68,32.43,0.946,N,"FAIL: under 1.2x B&H (0.946x, 0.922x rhyme)",32,8.92,26.27,0.340,N,"FAIL: under 1.2x B&H (0.340x, quiet wipe)",N,14.03,125,37.14,0.61,denser_n(31>>9)
chande-kroll-stop-flip,1h,A,12,1.0,14,66,34.85,12.39,26.77,0.463,N,FAIL: lag B&H (0.463x),74,16.60,35.57,0.467,N,FAIL: under 1.2x B&H (0.467x),76,4.32,38.52,0.112,N,"FAIL: under 1.2x B&H (0.112x, 0.922x rhyme)",75,3.59,28.88,0.124,N,"FAIL: under 1.2x B&H (0.124x, quiet wipe)",N,-41.74,302,37.55,-1.09,denser_n(66>>9)
chande-kroll-stop-flip,1h,A,14,1.0,14,60,41.67,12.34,26.77,0.461,N,FAIL: lag B&H (0.461x),66,22.90,35.57,0.644,N,FAIL: under 1.2x B&H (0.644x),67,15.68,38.52,0.407,N,"FAIL: under 1.2x B&H (0.407x, 0.922x rhyme)",72,0.68,28.88,0.023,N,"FAIL: under 1.2x B&H (0.023x, quiet wipe)",N,-30.26,265,37.55,-0.60,denser_n(60>>9)
chande-kroll-stop-flip,1h,A,12,1.2,14,76,35.53,12.33,26.77,0.461,N,FAIL: lag B&H (0.461x),82,14.32,35.57,0.403,N,FAIL: under 1.2x B&H (0.403x),82,25.02,38.52,0.650,N,"FAIL: under 1.2x B&H (0.650x, 0.922x rhyme)",84,3.95,28.88,0.137,N,"FAIL: under 1.2x B&H (0.137x, quiet wipe)",N,-43.68,339,37.55,-1.19,denser_n(76>>9)
chande-kroll-stop-flip,4h,A,14,1.5,5,32,31.25,10.04,23.52,0.427,N,FAIL: lag B&H (0.427x),42,10.04,30.24,0.332,N,FAIL: under 1.2x B&H (0.332x),40,14.78,32.43,0.456,N,"FAIL: under 1.2x B&H (0.456x, 0.922x rhyme)",39,7.93,26.27,0.302,N,"FAIL: under 1.2x B&H (0.302x, quiet wipe)",N,-19.65,151,37.14,-0.27,denser_n(32>>9)
chande-kroll-stop-flip,4h,A,8,1.5,11,36,33.33,9.89,23.52,0.420,N,FAIL: lag B&H (0.420x),41,7.92,30.24,0.262,N,FAIL: under 1.2x B&H (0.262x),43,16.40,32.43,0.506,N,"FAIL: under 1.2x B&H (0.506x, 0.922x rhyme)",41,1.35,26.27,0.051,N,"FAIL: under 1.2x B&H (0.051x, quiet wipe)",N,-20.37,155,37.14,-0.30,denser_n(36>>9)
chande-kroll-stop-flip,1h,A,12,1.2,11,91,32.97,11.22,26.77,0.419,N,FAIL: lag B&H (0.419x),98,13.76,35.57,0.387,N,FAIL: under 1.2x B&H (0.387x),98,19.41,38.52,0.504,N,"FAIL: under 1.2x B&H (0.504x, 0.922x rhyme)",95,2.58,28.88,0.089,N,"FAIL: under 1.2x B&H (0.089x, quiet wipe)",N,-57.44,410,37.55,-1.87,denser_n(91>>9)
chande-kroll-stop-flip,4h,A,14,0.8,14,14,42.86,9.82,23.52,0.418,N,FAIL: lag B&H (0.418x),12,30.90,30.24,1.022,N,FAIL: under 1.2x B&H (1.022x),15,13.65,32.43,0.421,N,"FAIL: under 1.2x B&H (0.421x, 0.922x rhyme)",15,-0.65,26.27,-0.025,N,"FAIL: under 1.2x B&H (-0.025x, quiet wipe)",N,-4.07,59,37.14,0.13,denser_n(14>>9)
chande-kroll-stop-flip,4h,A,14,1.2,5,28,32.14,9.81,23.52,0.417,N,FAIL: lag B&H (0.417x),31,11.80,30.24,0.390,N,FAIL: under 1.2x B&H (0.390x),33,13.93,32.43,0.430,N,"FAIL: under 1.2x B&H (0.430x, 0.922x rhyme)",34,11.18,26.27,0.426,N,"FAIL: under 1.2x B&H (0.426x, quiet wipe)",N,0.01,122,37.14,0.27,denser_n(28>>9)
chande-kroll-stop-flip,1h,A,14,1.2,14,70,37.14,10.96,26.77,0.409,N,FAIL: lag B&H (0.409x),73,18.33,35.57,0.515,N,FAIL: under 1.2x B&H (0.515x),72,23.36,38.52,0.607,N,"FAIL: under 1.2x B&H (0.607x, 0.922x rhyme)",78,0.32,28.88,0.011,N,"FAIL: under 1.2x B&H (0.011x, quiet wipe)",N,-37.07,303,37.55,-0.91,denser_n(70>>9)
chande-kroll-stop-flip,4h,A,12,1.2,7,28,32.14,9.35,23.52,0.397,N,FAIL: lag B&H (0.397x),31,10.45,30.24,0.346,N,FAIL: under 1.2x B&H (0.346x),32,14.66,32.43,0.452,N,"FAIL: under 1.2x B&H (0.452x, 0.922x rhyme)",34,10.25,26.27,0.390,N,"FAIL: under 1.2x B&H (0.390x, quiet wipe)",N,-8.14,123,37.14,0.05,denser_n(28>>9)
chande-kroll-stop-flip,4h,A,10,0.8,7,27,33.33,9.01,23.52,0.383,N,FAIL: lag B&H (0.383x),27,8.69,30.24,0.287,N,FAIL: under 1.2x B&H (0.287x),22,40.40,32.43,1.246,Y,PASS_SMOKE,28,3.90,26.27,0.149,N,"FAIL: under 1.2x B&H (0.149x, quiet wipe)",N,9.50,107,37.14,0.49,denser_n(27>>9)
chande-kroll-stop-flip,4h,A,8,1.0,11,26,34.62,8.94,23.52,0.380,N,FAIL: lag B&H (0.380x),26,8.29,30.24,0.274,N,FAIL: under 1.2x B&H (0.274x),25,28.74,32.43,0.886,N,"FAIL: under 1.2x B&H (0.886x, 0.922x rhyme)",29,8.09,26.27,0.308,N,"FAIL: under 1.2x B&H (0.308x, quiet wipe)",N,-3.12,107,37.14,0.18,denser_n(26>>9)
chande-kroll-stop-flip,4h,A,14,1.0,5,26,34.62,8.72,23.52,0.371,N,FAIL: lag B&H (0.371x),27,10.04,30.24,0.332,N,FAIL: under 1.2x B&H (0.332x),25,35.62,32.43,1.098,N,"FAIL: under 1.2x B&H (1.098x, 0.922x rhyme)",31,3.22,26.27,0.123,N,"FAIL: under 1.2x B&H (0.123x, quiet wipe)",N,-4.45,108,37.14,0.23,denser_n(26>>9)
chande-kroll-stop-flip,4h,A,10,0.8,5,32,28.12,8.56,23.52,0.364,N,FAIL: lag B&H (0.364x),35,2.78,30.24,0.092,N,FAIL: under 1.2x B&H (0.092x),28,30.01,32.43,0.925,N,"FAIL: under 1.2x B&H (0.925x, 0.922x rhyme)",34,-3.20,26.27,-0.122,N,"FAIL: under 1.2x B&H (-0.122x, quiet wipe)",N,16.73,121,37.14,0.67,denser_n(32>>9)
chande-kroll-stop-flip,4h,A,10,0.8,11,21,42.86,8.47,23.52,0.360,N,FAIL: lag B&H (0.360x),19,12.06,30.24,0.399,N,FAIL: under 1.2x B&H (0.399x),20,15.01,32.43,0.463,N,"FAIL: under 1.2x B&H (0.463x, 0.922x rhyme)",21,5.45,26.27,0.207,N,"FAIL: under 1.2x B&H (0.207x, quiet wipe)",N,7.94,81,37.14,0.49,denser_n(21>>9)
chande-kroll-stop-flip,4h,A,10,0.8,9,24,37.50,8.38,23.52,0.356,N,FAIL: lag B&H (0.356x),22,13.15,30.24,0.435,N,FAIL: under 1.2x B&H (0.435x),22,30.51,32.43,0.941,N,"FAIL: under 1.2x B&H (0.941x, 0.922x rhyme)",25,2.66,26.27,0.101,N,"FAIL: under 1.2x B&H (0.101x, quiet wipe)",N,3.53,92,37.14,0.41,denser_n(24>>9)
chande-kroll-stop-flip,1h,A,12,0.8,14,60,36.67,9.40,26.77,0.351,N,FAIL: lag B&H (0.351x),61,26.15,35.57,0.735,N,FAIL: under 1.2x B&H (0.735x),67,18.75,38.52,0.487,N,"FAIL: under 1.2x B&H (0.487x, 0.922x rhyme)",64,11.04,28.88,0.382,N,"FAIL: under 1.2x B&H (0.382x, quiet wipe)",N,-39.86,263,37.55,-1.03,denser_n(60>>9)
chande-kroll-stop-flip,4h,A,8,1.2,11,28,32.14,8.20,23.52,0.348,N,FAIL: lag B&H (0.348x),32,3.15,30.24,0.104,N,FAIL: under 1.2x B&H (0.104x),30,22.76,32.43,0.702,N,"FAIL: under 1.2x B&H (0.702x, 0.922x rhyme)",34,9.32,26.27,0.355,N,"FAIL: under 1.2x B&H (0.355x, quiet wipe)",N,0.26,120,37.14,0.28,denser_n(28>>9)
chande-kroll-stop-flip,4h,A,10,1.0,9,26,34.62,8.17,23.52,0.348,N,FAIL: lag B&H (0.348x),27,7.85,30.24,0.260,N,FAIL: under 1.2x B&H (0.260x),26,24.32,32.43,0.750,N,"FAIL: under 1.2x B&H (0.750x, 0.922x rhyme)",29,10.89,26.27,0.414,N,"FAIL: under 1.2x B&H (0.414x, quiet wipe)",N,-3.57,107,37.14,0.17,"BANKED_BASELINE_(10,1.0,9); denser_n(26>>9)"
chande-kroll-stop-flip,4h,A,10,1.5,9,35,28.57,8.08,23.52,0.344,N,FAIL: lag B&H (0.344x),41,2.43,30.24,0.080,N,FAIL: under 1.2x B&H (0.080x),41,13.98,32.43,0.431,N,"FAIL: under 1.2x B&H (0.431x, 0.922x rhyme)",40,3.45,26.27,0.131,N,"FAIL: under 1.2x B&H (0.131x, quiet wipe)",N,-19.73,155,37.14,-0.28,denser_n(35>>9)
chande-kroll-stop-flip,1h,A,10,1.2,14,85,32.94,9.11,26.77,0.340,N,FAIL: lag B&H (0.340x),90,21.23,35.57,0.597,N,FAIL: under 1.2x B&H (0.597x),90,27.59,38.52,0.716,N,"FAIL: under 1.2x B&H (0.716x, 0.922x rhyme)",92,0.30,28.88,0.010,N,"FAIL: under 1.2x B&H (0.010x, quiet wipe)",N,-60.63,388,37.55,-2.06,denser_n(85>>9)
chande-kroll-stop-flip,4h,A,12,1.5,9,30,30.00,7.96,23.52,0.339,N,FAIL: lag B&H (0.339x),37,7.95,30.24,0.263,N,FAIL: under 1.2x B&H (0.263x),35,11.60,32.43,0.358,N,"FAIL: under 1.2x B&H (0.358x, 0.922x rhyme)",37,4.76,26.27,0.181,N,"FAIL: under 1.2x B&H (0.181x, quiet wipe)",N,-17.88,131,37.14,-0.22,denser_n(30>>9)
chande-kroll-stop-flip,4h,A,10,1.5,11,30,26.67,7.62,23.52,0.324,N,FAIL: lag B&H (0.324x),37,6.97,30.24,0.231,N,FAIL: under 1.2x B&H (0.231x),37,12.00,32.43,0.370,N,"FAIL: under 1.2x B&H (0.370x, 0.922x rhyme)",37,7.02,26.27,0.267,N,"FAIL: under 1.2x B&H (0.267x, quiet wipe)",N,-21.23,132,37.14,-0.31,denser_n(30>>9)
chande-kroll-stop-flip,4h,A,10,1.2,9,29,31.03,7.57,23.52,0.322,N,FAIL: lag B&H (0.322x),31,10.76,30.24,0.356,N,FAIL: under 1.2x B&H (0.356x),31,15.42,32.43,0.475,N,"FAIL: under 1.2x B&H (0.475x, 0.922x rhyme)",34,10.40,26.27,0.396,N,"FAIL: under 1.2x B&H (0.396x, quiet wipe)",N,0.13,120,37.14,0.27,denser_n(29>>9)
chande-kroll-stop-flip,4h,A,8,0.8,11,23,39.13,7.37,23.52,0.313,N,FAIL: lag B&H (0.313x),23,6.82,30.24,0.226,N,FAIL: under 1.2x B&H (0.226x),22,32.27,32.43,0.995,N,"FAIL: under 1.2x B&H (0.995x, 0.922x rhyme)",25,7.67,26.27,0.292,N,"FAIL: under 1.2x B&H (0.292x, quiet wipe)",N,-3.04,93,37.14,0.24,denser_n(23>>9)
chande-kroll-stop-flip,4h,A,8,0.8,7,32,28.12,7.30,23.52,0.310,N,FAIL: lag B&H (0.310x),32,2.65,30.24,0.088,N,FAIL: under 1.2x B&H (0.088x),28,31.08,32.43,0.958,N,"FAIL: under 1.2x B&H (0.958x, 0.922x rhyme)",32,4.72,26.27,0.180,N,"FAIL: under 1.2x B&H (0.180x, quiet wipe)",N,11.39,120,37.14,0.56,denser_n(32>>9)
chande-kroll-stop-flip,4h,A,12,1.5,14,24,33.33,7.28,23.52,0.309,N,FAIL: lag B&H (0.309x),25,1.19,30.24,0.039,N,FAIL: under 1.2x B&H (0.039x),25,22.59,32.43,0.696,N,"FAIL: under 1.2x B&H (0.696x, 0.922x rhyme)",24,10.99,26.27,0.418,N,"FAIL: under 1.2x B&H (0.418x, quiet wipe)",N,-13.71,103,37.14,-0.06,denser_n(24>>9)
chande-kroll-stop-flip,1h,A,14,1.2,9,93,32.26,8.21,26.77,0.307,N,FAIL: lag B&H (0.307x),95,17.62,35.57,0.495,N,FAIL: under 1.2x B&H (0.495x),99,17.05,38.52,0.443,N,"FAIL: under 1.2x B&H (0.443x, 0.922x rhyme)",95,2.61,28.88,0.090,N,"FAIL: under 1.2x B&H (0.090x, quiet wipe)",N,-61.08,424,37.55,-2.09,denser_n(93>>9)
chande-kroll-stop-flip,4h,A,12,1.0,7,26,34.62,7.08,23.52,0.301,N,FAIL: lag B&H (0.301x),27,9.48,30.24,0.313,N,FAIL: under 1.2x B&H (0.313x),25,35.62,32.43,1.098,N,"FAIL: under 1.2x B&H (1.098x, 0.922x rhyme)",29,8.83,26.27,0.336,N,"FAIL: under 1.2x B&H (0.336x, quiet wipe)",N,-6.28,107,37.14,0.17,denser_n(26>>9)
chande-kroll-stop-flip,4h,A,14,1.0,7,25,36.00,6.64,23.52,0.282,N,FAIL: lag B&H (0.282x),22,21.48,30.24,0.710,N,FAIL: under 1.2x B&H (0.710x),22,24.54,32.43,0.757,N,"FAIL: under 1.2x B&H (0.757x, 0.922x rhyme)",24,12.73,26.27,0.484,N,"FAIL: under 1.2x B&H (0.484x, quiet wipe)",N,6.88,94,37.14,0.49,denser_n(25>>9)
chande-kroll-stop-flip,4h,A,8,1.0,7,39,23.08,6.57,23.52,0.279,N,FAIL: lag B&H (0.279x),40,-2.44,30.24,-0.081,N,FAIL: under 1.2x B&H (-0.081x),34,24.52,32.43,0.756,N,"FAIL: under 1.2x B&H (0.756x, 0.922x rhyme)",36,6.11,26.27,0.233,N,"FAIL: under 1.2x B&H (0.233x, quiet wipe)",N,4.92,147,37.14,0.41,denser_n(39>>9)
chande-kroll-stop-flip,4h,A,12,1.5,7,35,31.43,6.39,23.52,0.272,N,FAIL: lag B&H (0.272x),41,8.45,30.24,0.280,N,FAIL: under 1.2x B&H (0.280x),40,15.64,32.43,0.482,N,"FAIL: under 1.2x B&H (0.482x, 0.922x rhyme)",41,4.02,26.27,0.153,N,"FAIL: under 1.2x B&H (0.153x, quiet wipe)",N,-26.49,155,37.14,-0.49,denser_n(35>>9)
chande-kroll-stop-flip,4h,A,12,1.5,5,40,27.50,6.29,23.52,0.268,N,FAIL: lag B&H (0.268x),46,4.10,30.24,0.136,N,FAIL: under 1.2x B&H (0.136x),42,20.57,32.43,0.634,N,"FAIL: under 1.2x B&H (0.634x, 0.922x rhyme)",46,4.04,26.27,0.154,N,"FAIL: under 1.2x B&H (0.154x, quiet wipe)",N,-27.95,177,37.14,-0.52,denser_n(40>>9)
chande-kroll-stop-flip,4h,A,10,1.2,5,43,23.26,6.21,23.52,0.264,N,FAIL: lag B&H (0.264x),45,14.79,30.24,0.489,N,FAIL: under 1.2x B&H (0.489x),41,25.90,32.43,0.799,N,"FAIL: under 1.2x B&H (0.799x, 0.922x rhyme)",40,9.39,26.27,0.357,N,"FAIL: under 1.2x B&H (0.357x, quiet wipe)",N,-0.37,168,37.14,0.30,denser_n(43>>9)
chande-kroll-stop-flip,4h,A,12,0.8,7,25,36.00,6.15,23.52,0.262,N,FAIL: lag B&H (0.262x),23,9.93,30.24,0.328,N,FAIL: under 1.2x B&H (0.328x),22,34.53,32.43,1.065,N,"FAIL: under 1.2x B&H (1.065x, 0.922x rhyme)",25,2.70,26.27,0.103,N,"FAIL: under 1.2x B&H (0.103x, quiet wipe)",N,5.05,94,37.14,0.44,denser_n(25>>9)
chande-kroll-stop-flip,1h,A,10,0.8,9,83,33.73,6.90,26.77,0.258,N,FAIL: lag B&H (0.258x),92,0.75,35.57,0.021,N,FAIL: under 1.2x B&H (0.021x),94,6.73,38.52,0.175,N,"FAIL: under 1.2x B&H (0.175x, 0.922x rhyme)",98,-5.95,28.88,-0.206,N,"FAIL: under 1.2x B&H (-0.206x, quiet wipe)",N,-49.28,386,37.55,-1.44,denser_n(83>>9)
chande-kroll-stop-flip,4h,A,8,1.5,14,30,30.00,5.83,23.52,0.248,N,FAIL: lag B&H (0.248x),33,12.61,30.24,0.417,N,FAIL: under 1.2x B&H (0.417x),33,18.76,32.43,0.579,N,"FAIL: under 1.2x B&H (0.579x, 0.922x rhyme)",33,6.90,26.27,0.263,N,"FAIL: under 1.2x B&H (0.263x, quiet wipe)",N,-12.60,127,37.14,-0.08,denser_n(30>>9)
chande-kroll-stop-flip,4h,A,10,1.5,5,50,32.00,5.81,23.52,0.247,N,FAIL: lag B&H (0.247x),49,9.10,30.24,0.301,N,FAIL: under 1.2x B&H (0.301x),48,23.12,32.43,0.713,N,"FAIL: under 1.2x B&H (0.713x, 0.922x rhyme)",49,2.36,26.27,0.090,N,"FAIL: under 1.2x B&H (0.090x, quiet wipe)",N,-34.85,198,37.14,-0.86,denser_n(50>>9)
chande-kroll-stop-flip,4h,A,12,0.8,14,16,43.75,5.77,23.52,0.246,N,FAIL: lag B&H (0.246x),15,17.14,30.24,0.567,N,FAIL: under 1.2x B&H (0.567x),16,14.00,32.43,0.432,N,"FAIL: under 1.2x B&H (0.432x, 0.922x rhyme)",17,0.87,26.27,0.033,N,"FAIL: under 1.2x B&H (0.033x, quiet wipe)",N,-6.12,66,37.14,0.07,denser_n(16>>9)
chande-kroll-stop-flip,4h,A,14,0.8,11,17,41.18,5.57,23.52,0.237,N,FAIL: lag B&H (0.237x),15,19.38,30.24,0.641,N,FAIL: under 1.2x B&H (0.641x),17,10.02,32.43,0.309,N,"FAIL: under 1.2x B&H (0.309x, 0.922x rhyme)",17,1.64,26.27,0.062,N,"FAIL: under 1.2x B&H (0.062x, quiet wipe)",N,1.15,67,37.14,0.26,denser_n(17>>9)
chande-kroll-stop-flip,4h,A,12,1.0,9,25,36.00,5.54,23.52,0.235,N,FAIL: lag B&H (0.235x),21,24.88,30.24,0.823,N,FAIL: under 1.2x B&H (0.823x),21,27.35,32.43,0.843,N,"FAIL: under 1.2x B&H (0.843x, 0.922x rhyme)",22,17.66,26.27,0.672,N,"FAIL: under 1.2x B&H (0.672x, quiet wipe)",N,5.53,94,37.14,0.45,denser_n(25>>9)
chande-kroll-stop-flip,1h,A,8,1.2,14,95,32.63,5.86,26.77,0.219,N,FAIL: lag B&H (0.219x),104,5.98,35.57,0.168,N,FAIL: under 1.2x B&H (0.168x),106,13.48,38.52,0.350,N,"FAIL: under 1.2x B&H (0.350x, 0.922x rhyme)",101,1.29,28.88,0.045,N,"FAIL: under 1.2x B&H (0.045x, quiet wipe)",N,-55.82,433,37.55,-1.77,denser_n(95>>9)
chande-kroll-stop-flip,1h,A,8,0.8,11,83,32.53,5.61,26.77,0.210,N,FAIL: lag B&H (0.210x),96,0.42,35.57,0.012,N,FAIL: under 1.2x B&H (0.012x),93,6.93,38.52,0.180,N,"FAIL: under 1.2x B&H (0.180x, 0.922x rhyme)",98,-6.66,28.88,-0.231,N,"FAIL: under 1.2x B&H (-0.231x, quiet wipe)",N,-53.72,388,37.55,-1.66,denser_n(83>>9)
chande-kroll-stop-flip,4h,A,14,1.5,11,25,32.00,4.78,23.52,0.203,N,FAIL: lag B&H (0.203x),27,3.31,30.24,0.109,N,FAIL: under 1.2x B&H (0.109x),27,18.12,32.43,0.559,N,"FAIL: under 1.2x B&H (0.559x, 0.922x rhyme)",27,8.38,26.27,0.319,N,"FAIL: under 1.2x B&H (0.319x, quiet wipe)",N,-20.24,105,37.14,-0.25,denser_n(25>>9)
chande-kroll-stop-flip,4h,A,10,1.5,14,27,33.33,4.76,23.52,0.203,N,FAIL: lag B&H (0.203x),29,2.10,30.24,0.070,N,FAIL: under 1.2x B&H (0.070x),29,18.13,32.43,0.559,N,"FAIL: under 1.2x B&H (0.559x, 0.922x rhyme)",27,7.38,26.27,0.281,N,"FAIL: under 1.2x B&H (0.281x, quiet wipe)",N,-18.99,113,37.14,-0.21,denser_n(27>>9)
chande-kroll-stop-flip,4h,A,8,1.2,7,42,21.43,4.76,23.52,0.202,N,FAIL: lag B&H (0.202x),45,8.09,30.24,0.268,N,FAIL: under 1.2x B&H (0.268x),40,23.56,32.43,0.726,N,"FAIL: under 1.2x B&H (0.726x, 0.922x rhyme)",41,5.44,26.27,0.207,N,"FAIL: under 1.2x B&H (0.207x, quiet wipe)",N,10.77,163,37.14,0.56,denser_n(42>>9)
chande-kroll-stop-flip,1h,A,14,1.0,7,89,32.58,5.12,26.77,0.191,N,FAIL: lag B&H (0.191x),104,-3.84,35.57,-0.108,N,FAIL: under 1.2x B&H (-0.108x),102,2.12,38.52,0.055,N,"FAIL: under 1.2x B&H (0.055x, 0.922x rhyme)",97,2.22,28.88,0.077,N,"FAIL: under 1.2x B&H (0.077x, quiet wipe)",N,-54.37,407,37.55,-1.69,denser_n(89>>9)
chande-kroll-stop-flip,1h,A,10,1.0,11,87,33.33,5.02,26.77,0.188,N,FAIL: lag B&H (0.188x),102,0.25,35.57,0.007,N,FAIL: under 1.2x B&H (0.007x),100,4.55,38.52,0.118,N,"FAIL: under 1.2x B&H (0.118x, 0.922x rhyme)",95,1.15,28.88,0.040,N,"FAIL: under 1.2x B&H (0.040x, quiet wipe)",N,-54.74,400,37.55,-1.71,denser_n(87>>9)
chande-kroll-stop-flip,4h,A,8,0.8,5,41,31.71,4.40,23.52,0.187,N,FAIL: lag B&H (0.187x),40,0.65,30.24,0.022,N,FAIL: under 1.2x B&H (0.022x),36,22.49,32.43,0.694,N,"FAIL: under 1.2x B&H (0.694x, 0.922x rhyme)",43,-3.98,26.27,-0.151,N,"FAIL: under 1.2x B&H (-0.151x, quiet wipe)",N,-8.00,153,37.14,0.00,denser_n(41>>9)
chande-kroll-stop-flip,4h,A,14,1.5,9,28,32.14,3.72,23.52,0.158,N,FAIL: lag B&H (0.158x),29,9.86,30.24,0.326,N,FAIL: under 1.2x B&H (0.326x),30,11.42,32.43,0.352,N,"FAIL: under 1.2x B&H (0.352x, 0.922x rhyme)",32,4.62,26.27,0.176,N,"FAIL: under 1.2x B&H (0.176x, quiet wipe)",N,-17.33,117,37.14,-0.14,denser_n(28>>9)
chande-kroll-stop-flip,4h,A,12,1.5,11,29,31.03,3.34,23.52,0.142,N,FAIL: lag B&H (0.142x),29,9.65,30.24,0.319,N,FAIL: under 1.2x B&H (0.319x),31,10.38,32.43,0.320,N,"FAIL: under 1.2x B&H (0.320x, 0.922x rhyme)",32,4.00,26.27,0.152,N,"FAIL: under 1.2x B&H (0.152x, quiet wipe)",N,-19.64,120,37.14,-0.22,denser_n(29>>9)
chande-kroll-stop-flip,4h,A,8,1.0,5,48,29.17,3.28,23.52,0.140,N,FAIL: lag B&H (0.140x),44,1.55,30.24,0.051,N,FAIL: under 1.2x B&H (0.051x),44,16.56,32.43,0.511,N,"FAIL: under 1.2x B&H (0.511x, 0.922x rhyme)",50,-3.67,26.27,-0.140,N,"FAIL: under 1.2x B&H (-0.140x, quiet wipe)",N,-9.26,181,37.14,-0.01,denser_n(48>>9)
chande-kroll-stop-flip,1h,A,12,1.0,9,90,32.22,3.21,26.77,0.120,N,FAIL: lag B&H (0.120x),104,-2.83,35.57,-0.079,N,FAIL: under 1.2x B&H (-0.079x),100,2.94,38.52,0.076,N,"FAIL: under 1.2x B&H (0.076x, 0.922x rhyme)",96,3.61,28.88,0.125,N,"FAIL: under 1.2x B&H (0.125x, quiet wipe)",N,-59.58,410,37.55,-1.99,denser_n(90>>9)
chande-kroll-stop-flip,4h,A,14,1.5,14,22,27.27,2.68,23.52,0.114,N,FAIL: lag B&H (0.114x),21,8.17,30.24,0.270,N,FAIL: under 1.2x B&H (0.270x),22,19.32,32.43,0.596,N,"FAIL: under 1.2x B&H (0.596x, 0.922x rhyme)",21,9.46,26.27,0.360,N,"FAIL: under 1.2x B&H (0.360x, quiet wipe)",N,-17.84,91,37.14,-0.24,denser_n(22>>9)
chande-kroll-stop-flip,1h,A,14,0.8,5,86,32.56,2.75,26.77,0.103,N,FAIL: lag B&H (0.103x),95,1.22,35.57,0.034,N,FAIL: under 1.2x B&H (0.034x),95,8.12,38.52,0.211,N,"FAIL: under 1.2x B&H (0.211x, 0.922x rhyme)",97,-5.39,28.88,-0.186,N,"FAIL: under 1.2x B&H (-0.186x, quiet wipe)",N,-59.10,402,37.55,-1.96,denser_n(86>>9)
chande-kroll-stop-flip,1h,A,10,0.8,7,97,29.90,2.35,26.77,0.088,N,FAIL: lag B&H (0.088x),106,-3.26,35.57,-0.092,N,FAIL: under 1.2x B&H (-0.092x),105,0.51,38.52,0.013,N,"FAIL: under 1.2x B&H (0.013x, 0.922x rhyme)",113,-6.72,28.88,-0.233,N,"FAIL: under 1.2x B&H (-0.233x, quiet wipe)",N,-57.30,449,37.55,-1.87,denser_n(97>>9)
chande-kroll-stop-flip,4h,A,10,1.0,5,41,21.95,1.71,23.52,0.073,N,FAIL: lag B&H (0.073x),39,3.16,30.24,0.104,N,FAIL: under 1.2x B&H (0.104x),36,18.83,32.43,0.581,N,"FAIL: under 1.2x B&H (0.581x, 0.922x rhyme)",38,5.00,26.27,0.190,N,"FAIL: under 1.2x B&H (0.190x, quiet wipe)",N,-1.09,147,37.14,0.27,denser_n(41>>9)
chande-kroll-stop-flip,1h,A,8,0.8,9,98,29.59,1.06,26.77,0.040,N,FAIL: lag B&H (0.040x),107,-1.55,35.57,-0.043,N,FAIL: under 1.2x B&H (-0.043x),102,2.91,38.52,0.076,N,"FAIL: under 1.2x B&H (0.076x, 0.922x rhyme)",114,-8.37,28.88,-0.290,N,"FAIL: under 1.2x B&H (-0.290x, quiet wipe)",N,-61.20,450,37.55,-2.10,denser_n(98>>9)
chande-kroll-stop-flip,1h,A,12,0.8,7,87,31.03,0.84,26.77,0.031,N,FAIL: lag B&H (0.031x),95,-1.87,35.57,-0.052,N,FAIL: under 1.2x B&H (-0.052x),94,9.05,38.52,0.235,N,"FAIL: under 1.2x B&H (0.235x, 0.922x rhyme)",99,-10.70,28.88,-0.370,N,"FAIL: under 1.2x B&H (-0.370x, quiet wipe)",N,-57.13,397,37.55,-1.85,denser_n(87>>9)
chande-kroll-stop-flip,1h,A,12,0.8,5,96,28.12,0.04,26.77,0.002,N,FAIL: lag B&H (0.002x),108,-5.19,35.57,-0.146,N,FAIL: under 1.2x B&H (-0.146x),107,2.90,38.52,0.075,N,"FAIL: under 1.2x B&H (0.075x, 0.922x rhyme)",115,-12.61,28.88,-0.437,N,"FAIL: under 1.2x B&H (-0.437x, quiet wipe)",N,-60.18,451,37.55,-2.04,denser_n(96>>9)
chande-kroll-stop-flip,1h,A,14,1.5,14,92,30.43,-0.03,26.77,-0.001,N,KILL: negative ret,96,8.21,35.57,0.231,N,FAIL: under 1.2x B&H (0.231x),88,17.94,38.52,0.466,N,"FAIL: under 1.2x B&H (0.466x, 0.922x rhyme)",90,6.47,28.88,0.224,N,"FAIL: under 1.2x B&H (0.224x, quiet wipe)",N,-56.01,373,37.55,-1.79,denser_n(92>>9)
chande-kroll-stop-flip,4h,A,8,1.5,5,58,32.76,-0.86,23.52,-0.036,N,KILL: negative ret,63,-2.09,30.24,-0.069,N,FAIL: under 1.2x B&H (-0.069x),52,28.56,32.43,0.881,N,"FAIL: under 1.2x B&H (0.881x, 0.922x rhyme)",59,2.91,26.27,0.111,N,"FAIL: under 1.2x B&H (0.111x, quiet wipe)",N,-50.88,229,37.14,-1.53,denser_n(58>>9)
chande-kroll-stop-flip,4h,A,8,1.2,5,54,31.48,-1.56,23.52,-0.066,N,KILL: negative ret,49,6.31,30.24,0.209,N,FAIL: under 1.2x B&H (0.209x),49,14.04,32.43,0.433,N,"FAIL: under 1.2x B&H (0.433x, 0.922x rhyme)",54,-1.07,26.27,-0.041,N,"FAIL: under 1.2x B&H (-0.041x, quiet wipe)",N,-16.24,212,37.14,-0.21,denser_n(54>>9)
chande-kroll-stop-flip,1h,A,14,1.5,11,109,27.52,-3.19,26.77,-0.119,N,KILL: negative ret,111,9.96,35.57,0.280,N,FAIL: under 1.2x B&H (0.280x),113,11.19,38.52,0.290,N,"FAIL: under 1.2x B&H (0.290x, 0.922x rhyme)",108,-0.43,28.88,-0.015,N,"FAIL: under 1.2x B&H (-0.015x, quiet wipe)",N,-68.79,457,37.55,-2.61,denser_n(109>>9)
chande-kroll-stop-flip,1h,A,8,0.8,7,120,31.67,-3.79,26.77,-0.142,N,KILL: negative ret,123,-2.78,35.57,-0.078,N,FAIL: under 1.2x B&H (-0.078x),114,13.96,38.52,0.362,N,"FAIL: under 1.2x B&H (0.362x, 0.922x rhyme)",129,-12.96,28.88,-0.449,N,"FAIL: under 1.2x B&H (-0.449x, quiet wipe)",N,-76.36,545,37.55,-3.30,denser_n(120>>9)
chande-kroll-stop-flip,1h,A,12,1.5,14,100,28.00,-5.58,26.77,-0.208,N,KILL: negative ret,104,11.96,35.57,0.336,N,FAIL: under 1.2x B&H (0.336x),101,19.97,38.52,0.518,N,"FAIL: under 1.2x B&H (0.518x, 0.922x rhyme)",95,13.17,28.88,0.456,N,"FAIL: under 1.2x B&H (0.456x, quiet wipe)",N,-64.72,418,37.55,-2.33,denser_n(100>>9)
chande-kroll-stop-flip,1h,A,14,1.0,5,106,29.25,-5.60,26.77,-0.209,N,KILL: negative ret,118,-8.18,35.57,-0.230,N,FAIL: under 1.2x B&H (-0.230x),113,5.31,38.52,0.138,N,"FAIL: under 1.2x B&H (0.138x, 0.922x rhyme)",111,-11.56,28.88,-0.400,N,"FAIL: under 1.2x B&H (-0.400x, quiet wipe)",N,-63.01,473,37.55,-2.22,denser_n(106>>9)
chande-kroll-stop-flip,1h,A,10,0.8,5,120,30.83,-6.19,26.77,-0.231,N,KILL: negative ret,119,-0.38,35.57,-0.011,N,FAIL: under 1.2x B&H (-0.011x),119,12.08,38.52,0.314,N,"FAIL: under 1.2x B&H (0.314x, 0.922x rhyme)",127,-9.31,28.88,-0.322,N,"FAIL: under 1.2x B&H (-0.322x, quiet wipe)",N,-76.70,549,37.55,-3.34,denser_n(120>>9)
chande-kroll-stop-flip,1h,A,10,1.5,14,114,28.95,-7.22,26.77,-0.270,N,KILL: negative ret,114,9.16,35.57,0.257,N,FAIL: under 1.2x B&H (0.257x),126,7.41,38.52,0.192,N,"FAIL: under 1.2x B&H (0.192x, 0.922x rhyme)",114,-5.04,28.88,-0.175,N,"FAIL: under 1.2x B&H (-0.175x, quiet wipe)",N,-68.75,476,37.55,-2.62,denser_n(114>>9)
chande-kroll-stop-flip,1h,A,10,1.0,9,104,28.85,-7.58,26.77,-0.283,N,KILL: negative ret,119,-8.50,35.57,-0.239,N,FAIL: under 1.2x B&H (-0.239x),114,-5.82,38.52,-0.151,N,"FAIL: under 1.2x B&H (-0.151x, 0.922x rhyme)",109,-7.65,28.88,-0.265,N,"FAIL: under 1.2x B&H (-0.265x, quiet wipe)",N,-64.64,463,37.55,-2.33,"BANKED_BASELINE_(10,1.0,9); denser_n(104>>9)"
chande-kroll-stop-flip,1h,A,14,1.5,9,125,28.00,-7.67,26.77,-0.287,N,KILL: negative ret,129,-7.76,35.57,-0.218,N,FAIL: under 1.2x B&H (-0.218x),132,0.76,38.52,0.020,N,"FAIL: under 1.2x B&H (0.020x, 0.922x rhyme)",123,-4.04,28.88,-0.140,N,"FAIL: under 1.2x B&H (-0.140x, quiet wipe)",N,-70.00,512,37.55,-2.71,denser_n(125>>9)
chande-kroll-stop-flip,1h,A,8,1.0,11,103,29.13,-7.71,26.77,-0.288,N,KILL: negative ret,117,-7.02,35.57,-0.197,N,FAIL: under 1.2x B&H (-0.197x),114,-5.13,38.52,-0.133,N,"FAIL: under 1.2x B&H (-0.133x, 0.922x rhyme)",108,-9.81,28.88,-0.340,N,"FAIL: under 1.2x B&H (-0.340x, quiet wipe)",N,-64.66,457,37.55,-2.33,denser_n(103>>9)
chande-kroll-stop-flip,1h,A,12,1.2,9,108,28.70,-7.84,26.77,-0.293,N,KILL: negative ret,119,-4.81,35.57,-0.135,N,FAIL: under 1.2x B&H (-0.135x),116,12.33,38.52,0.320,N,"FAIL: under 1.2x B&H (0.320x, 0.922x rhyme)",108,-7.78,28.88,-0.269,N,"FAIL: under 1.2x B&H (-0.269x, quiet wipe)",N,-66.42,476,37.55,-2.45,denser_n(108>>9)
chande-kroll-stop-flip,1h,A,12,1.0,7,105,28.57,-8.22,26.77,-0.307,N,KILL: negative ret,117,-5.08,35.57,-0.143,N,FAIL: under 1.2x B&H (-0.143x),115,-2.52,38.52,-0.065,N,"FAIL: under 1.2x B&H (-0.065x, 0.922x rhyme)",111,-10.22,28.88,-0.354,N,"FAIL: under 1.2x B&H (-0.354x, quiet wipe)",N,-65.34,469,37.55,-2.38,denser_n(105>>9)
chande-kroll-stop-flip,1h,A,12,1.0,5,121,27.27,-9.66,26.77,-0.361,N,KILL: negative ret,135,-10.21,35.57,-0.287,N,FAIL: under 1.2x B&H (-0.287x),129,-6.76,38.52,-0.175,N,"FAIL: under 1.2x B&H (-0.175x, 0.922x rhyme)",125,-7.40,28.88,-0.256,N,"FAIL: under 1.2x B&H (-0.256x, quiet wipe)",N,-75.42,557,37.55,-3.21,denser_n(121>>9)
chande-kroll-stop-flip,1h,A,12,1.5,11,126,27.78,-9.68,26.77,-0.362,N,KILL: negative ret,125,0.74,35.57,0.021,N,FAIL: under 1.2x B&H (0.021x),133,-5.71,38.52,-0.148,N,"FAIL: under 1.2x B&H (-0.148x, 0.922x rhyme)",121,-5.78,28.88,-0.200,N,"FAIL: under 1.2x B&H (-0.200x, quiet wipe)",N,-69.71,515,37.55,-2.69,denser_n(126>>9)
chande-kroll-stop-flip,1h,A,14,1.2,7,110,28.18,-10.66,26.77,-0.398,N,KILL: negative ret,119,-5.88,35.57,-0.165,N,FAIL: under 1.2x B&H (-0.165x),117,10.29,38.52,0.267,N,"FAIL: under 1.2x B&H (0.267x, 0.922x rhyme)",110,-9.92,28.88,-0.343,N,"FAIL: under 1.2x B&H (-0.343x, quiet wipe)",N,-66.74,484,37.55,-2.47,denser_n(110>>9)
chande-kroll-stop-flip,1h,A,10,1.2,11,109,28.44,-11.97,26.77,-0.447,N,KILL: negative ret,120,-7.11,35.57,-0.200,N,FAIL: under 1.2x B&H (-0.200x),115,14.89,38.52,0.387,N,"FAIL: under 1.2x B&H (0.387x, 0.922x rhyme)",110,-9.92,28.88,-0.343,N,"FAIL: under 1.2x B&H (-0.343x, quiet wipe)",N,-69.80,478,37.55,-2.70,denser_n(109>>9)
chande-kroll-stop-flip,1h,A,10,1.0,7,122,26.23,-12.14,26.77,-0.454,N,KILL: negative ret,134,-13.96,35.57,-0.392,N,FAIL: under 1.2x B&H (-0.392x),129,-6.91,38.52,-0.180,N,"FAIL: under 1.2x B&H (-0.180x, 0.922x rhyme)",123,-6.76,28.88,-0.234,N,"FAIL: under 1.2x B&H (-0.234x, quiet wipe)",N,-72.66,543,37.55,-2.95,denser_n(122>>9)
chande-kroll-stop-flip,1h,A,8,1.0,9,124,26.61,-14.15,26.77,-0.529,N,KILL: negative ret,128,-7.24,35.57,-0.203,N,FAIL: under 1.2x B&H (-0.203x),130,-7.60,38.52,-0.197,N,"FAIL: under 1.2x B&H (-0.197x, 0.922x rhyme)",122,-4.52,28.88,-0.157,N,"FAIL: under 1.2x B&H (-0.157x, quiet wipe)",N,-70.81,536,37.55,-2.79,denser_n(124>>9)
chande-kroll-stop-flip,1h,A,12,1.2,7,129,25.58,-15.89,26.77,-0.594,N,KILL: negative ret,145,-17.81,35.57,-0.501,N,FAIL: under 1.2x B&H (-0.501x),134,-3.11,38.52,-0.081,N,"FAIL: under 1.2x B&H (-0.081x, 0.922x rhyme)",125,-15.97,28.88,-0.553,N,"FAIL: under 1.2x B&H (-0.553x, quiet wipe)",N,-72.65,550,37.55,-2.95,denser_n(129>>9)
chande-kroll-stop-flip,1h,A,10,1.0,5,148,27.70,-16.52,26.77,-0.617,N,KILL: negative ret,167,-30.15,35.57,-0.848,N,FAIL: under 1.2x B&H (-0.848x),148,2.11,38.52,0.055,N,"FAIL: under 1.2x B&H (0.055x, 0.922x rhyme)",146,-13.74,28.88,-0.476,N,"FAIL: under 1.2x B&H (-0.476x, quiet wipe)",N,-83.07,656,37.55,-4.11,denser_n(148>>9)
chande-kroll-stop-flip,1h,A,8,0.8,5,149,27.52,-18.09,26.77,-0.676,N,KILL: negative ret,166,-23.11,35.57,-0.650,N,FAIL: under 1.2x B&H (-0.650x),144,8.78,38.52,0.228,N,"FAIL: under 1.2x B&H (0.228x, 0.922x rhyme)",158,-24.46,28.88,-0.847,N,"FAIL: under 1.2x B&H (-0.847x, quiet wipe)",N,-83.30,664,37.55,-4.14,denser_n(149>>9)
chande-kroll-stop-flip,1h,A,8,1.5,14,139,24.46,-19.23,26.77,-0.718,N,KILL: negative ret,132,-12.03,35.57,-0.338,N,FAIL: under 1.2x B&H (-0.338x),139,-4.69,38.52,-0.122,N,"FAIL: under 1.2x B&H (-0.122x, 0.922x rhyme)",130,-16.21,28.88,-0.561,N,"FAIL: under 1.2x B&H (-0.561x, quiet wipe)",N,-71.03,562,37.55,-2.80,denser_n(139>>9)
chande-kroll-stop-flip,1h,A,14,1.2,5,133,26.32,-19.56,26.77,-0.731,N,KILL: negative ret,146,-18.38,35.57,-0.517,N,FAIL: under 1.2x B&H (-0.517x),133,-0.97,38.52,-0.025,N,"FAIL: under 1.2x B&H (-0.025x, 0.922x rhyme)",126,-17.15,28.88,-0.594,N,"FAIL: under 1.2x B&H (-0.594x, quiet wipe)",N,-72.64,559,37.55,-2.95,denser_n(133>>9)
chande-kroll-stop-flip,1h,A,10,1.2,9,131,25.95,-20.37,26.77,-0.761,N,KILL: negative ret,138,-11.95,35.57,-0.336,N,FAIL: under 1.2x B&H (-0.336x),133,-1.81,38.52,-0.047,N,"FAIL: under 1.2x B&H (-0.047x, 0.922x rhyme)",126,-17.57,28.88,-0.608,N,"FAIL: under 1.2x B&H (-0.608x, quiet wipe)",N,-75.37,547,37.55,-3.20,denser_n(131>>9)
chande-kroll-stop-flip,1h,A,8,1.0,7,150,27.33,-20.84,26.77,-0.778,N,KILL: negative ret,154,-19.77,35.57,-0.556,N,FAIL: under 1.2x B&H (-0.556x),150,-8.18,38.52,-0.212,N,"FAIL: under 1.2x B&H (-0.212x, 0.922x rhyme)",146,-12.32,28.88,-0.427,N,"FAIL: under 1.2x B&H (-0.427x, quiet wipe)",N,-82.76,645,37.55,-4.06,denser_n(150>>9)
chande-kroll-stop-flip,1h,A,12,1.2,5,153,26.80,-22.57,26.77,-0.843,N,KILL: negative ret,165,-18.34,35.57,-0.515,N,FAIL: under 1.2x B&H (-0.515x),155,-2.85,38.52,-0.074,N,"FAIL: under 1.2x B&H (-0.074x, 0.922x rhyme)",147,-17.34,28.88,-0.600,N,"FAIL: under 1.2x B&H (-0.600x, quiet wipe)",N,-82.77,655,37.55,-4.07,denser_n(153>>9)
chande-kroll-stop-flip,1h,A,10,1.2,7,150,26.67,-24.44,26.77,-0.913,N,KILL: negative ret,158,-10.76,35.57,-0.303,N,FAIL: under 1.2x B&H (-0.303x),151,-0.39,38.52,-0.010,N,"FAIL: under 1.2x B&H (-0.010x, 0.922x rhyme)",148,-20.08,28.88,-0.695,N,"FAIL: under 1.2x B&H (-0.695x, quiet wipe)",N,-84.90,648,37.55,-4.38,denser_n(150>>9)
chande-kroll-stop-flip,1h,A,12,1.5,9,148,25.00,-25.72,26.77,-0.961,N,KILL: negative ret,149,-22.75,35.57,-0.640,N,FAIL: under 1.2x B&H (-0.640x),153,-7.72,38.52,-0.200,N,"FAIL: under 1.2x B&H (-0.200x, 0.922x rhyme)",139,-19.58,28.88,-0.678,N,"FAIL: under 1.2x B&H (-0.678x, quiet wipe)",N,-78.75,594,37.55,-3.54,denser_n(148>>9)
chande-kroll-stop-flip,1h,A,10,1.5,11,150,24.00,-26.55,26.77,-0.992,N,KILL: negative ret,146,-18.53,35.57,-0.521,N,FAIL: under 1.2x B&H (-0.521x),152,-10.58,38.52,-0.275,N,"FAIL: under 1.2x B&H (-0.275x, 0.922x rhyme)",141,-20.83,28.88,-0.721,N,"FAIL: under 1.2x B&H (-0.721x, quiet wipe)",N,-77.40,593,37.55,-3.40,denser_n(150>>9)
chande-kroll-stop-flip,1h,A,8,1.2,11,135,22.96,-27.57,26.77,-1.030,N,KILL: negative ret,136,-11.77,35.57,-0.331,N,FAIL: under 1.2x B&H (-0.331x),135,-8.33,38.52,-0.216,N,"FAIL: under 1.2x B&H (-0.216x, 0.922x rhyme)",127,-16.15,28.88,-0.559,N,"FAIL: under 1.2x B&H (-0.559x, quiet wipe)",N,-77.34,552,37.55,-3.40,denser_n(135>>9)
chande-kroll-stop-flip,1h,A,14,1.5,7,148,25.00,-27.79,26.77,-1.038,N,KILL: negative ret,148,-29.01,35.57,-0.816,N,FAIL: under 1.2x B&H (-0.816x),151,-5.00,38.52,-0.130,N,"FAIL: under 1.2x B&H (-0.130x, 0.922x rhyme)",141,-18.53,28.88,-0.642,N,"FAIL: under 1.2x B&H (-0.642x, quiet wipe)",N,-80.87,596,37.55,-3.79,denser_n(148>>9)
chande-kroll-stop-flip,1h,A,12,1.5,5,186,24.73,-28.56,26.77,-1.067,N,KILL: negative ret,194,-42.51,35.57,-1.195,N,FAIL: under 1.2x B&H (-1.195x),185,-25.45,38.52,-0.661,N,"FAIL: under 1.2x B&H (-0.661x, 0.922x rhyme)",175,-18.68,28.88,-0.647,N,"FAIL: under 1.2x B&H (-0.647x, quiet wipe)",N,-86.90,776,37.55,-4.71,denser_n(186>>9)
chande-kroll-stop-flip,1h,A,8,1.0,5,181,24.86,-29.16,26.77,-1.089,N,KILL: negative ret,194,-27.86,35.57,-0.783,N,FAIL: under 1.2x B&H (-0.783x),181,-22.65,38.52,-0.588,N,"FAIL: under 1.2x B&H (-0.588x, 0.922x rhyme)",180,-23.50,28.88,-0.814,N,"FAIL: under 1.2x B&H (-0.814x, quiet wipe)",N,-86.86,773,37.55,-4.71,denser_n(181>>9)
chande-kroll-stop-flip,1h,A,8,1.2,9,151,23.18,-29.86,26.77,-1.115,N,KILL: negative ret,154,-13.94,35.57,-0.392,N,FAIL: under 1.2x B&H (-0.392x),152,-8.52,38.52,-0.221,N,"FAIL: under 1.2x B&H (-0.221x, 0.922x rhyme)",145,-16.22,28.88,-0.562,N,"FAIL: under 1.2x B&H (-0.562x, quiet wipe)",N,-83.78,648,37.55,-4.21,denser_n(151>>9)
chande-kroll-stop-flip,1h,A,10,1.2,5,187,25.13,-31.89,26.77,-1.191,N,KILL: negative ret,189,-32.54,35.57,-0.915,N,FAIL: under 1.2x B&H (-0.915x),174,4.89,38.52,0.127,N,"FAIL: under 1.2x B&H (0.127x, 0.922x rhyme)",175,-22.02,28.88,-0.763,N,"FAIL: under 1.2x B&H (-0.763x, quiet wipe)",N,-91.76,774,37.55,-5.81,denser_n(187>>9)
chande-kroll-stop-flip,1h,A,8,1.2,7,184,23.37,-32.01,26.77,-1.196,N,KILL: negative ret,188,-33.82,35.57,-0.951,N,FAIL: under 1.2x B&H (-0.951x),174,-0.12,38.52,-0.003,N,"FAIL: under 1.2x B&H (-0.003x, 0.922x rhyme)",174,-22.12,28.88,-0.766,N,"FAIL: under 1.2x B&H (-0.766x, quiet wipe)",N,-90.50,773,37.55,-5.47,denser_n(184>>9)
chande-kroll-stop-flip,1h,A,12,1.5,7,169,21.89,-34.40,26.77,-1.285,N,KILL: negative ret,172,-33.96,35.57,-0.955,N,FAIL: under 1.2x B&H (-0.955x),167,-16.60,38.52,-0.431,N,"FAIL: under 1.2x B&H (-0.431x, 0.922x rhyme)",157,-23.70,28.88,-0.821,N,"FAIL: under 1.2x B&H (-0.821x, quiet wipe)",N,-85.56,681,37.55,-4.46,denser_n(169>>9)
chande-kroll-stop-flip,1h,A,10,1.5,7,188,21.81,-34.65,26.77,-1.294,N,KILL: negative ret,189,-38.79,35.57,-1.090,N,FAIL: under 1.2x B&H (-1.090x),186,-13.78,38.52,-0.358,N,"FAIL: under 1.2x B&H (-0.358x, 0.922x rhyme)",180,-22.88,28.88,-0.792,N,"FAIL: under 1.2x B&H (-0.792x, quiet wipe)",N,-89.32,780,37.55,-5.20,denser_n(188>>9)
chande-kroll-stop-flip,1h,A,8,1.5,9,192,21.35,-34.78,26.77,-1.299,N,KILL: negative ret,189,-26.14,35.57,-0.735,N,FAIL: under 1.2x B&H (-0.735x),184,-12.69,38.52,-0.330,N,"FAIL: under 1.2x B&H (-0.330x, 0.922x rhyme)",184,-26.08,28.88,-0.903,N,"FAIL: under 1.2x B&H (-0.903x, quiet wipe)",N,-87.51,793,37.55,-4.84,denser_n(192>>9)
chande-kroll-stop-flip,1h,A,10,1.5,9,173,21.39,-35.85,26.77,-1.339,N,KILL: negative ret,168,-25.35,35.57,-0.713,N,FAIL: under 1.2x B&H (-0.713x),163,-11.85,38.52,-0.308,N,"FAIL: under 1.2x B&H (-0.308x, 0.922x rhyme)",160,-26.12,28.88,-0.904,N,"FAIL: under 1.2x B&H (-0.904x, quiet wipe)",N,-85.21,680,37.55,-4.41,denser_n(173>>9)
chande-kroll-stop-flip,1h,A,14,1.5,5,172,21.51,-36.54,26.77,-1.365,N,KILL: negative ret,170,-34.56,35.57,-0.972,N,FAIL: under 1.2x B&H (-0.972x),168,-23.29,38.52,-0.605,N,"FAIL: under 1.2x B&H (-0.605x, 0.922x rhyme)",157,-22.40,28.88,-0.776,N,"FAIL: under 1.2x B&H (-0.776x, quiet wipe)",N,-85.88,684,37.55,-4.51,denser_n(172>>9)
chande-kroll-stop-flip,1h,A,8,1.5,11,178,20.22,-37.04,26.77,-1.384,N,KILL: negative ret,169,-26.17,35.57,-0.736,N,FAIL: under 1.2x B&H (-0.736x),164,-12.19,38.52,-0.316,N,"FAIL: under 1.2x B&H (-0.316x, 0.922x rhyme)",161,-28.76,28.88,-0.996,N,"FAIL: under 1.2x B&H (-0.996x, quiet wipe)",N,-85.90,712,37.55,-4.52,denser_n(178>>9)
chande-kroll-stop-flip,1h,A,10,1.5,5,219,21.46,-38.42,26.77,-1.435,N,KILL: negative ret,218,-42.68,35.57,-1.200,N,FAIL: under 1.2x B&H (-1.200x),207,-30.25,38.52,-0.785,N,"FAIL: under 1.2x B&H (-0.785x, 0.922x rhyme)",208,-32.43,28.88,-1.123,N,"FAIL: under 1.2x B&H (-1.123x, quiet wipe)",N,-91.45,881,37.55,-5.71,denser_n(219>>9)
chande-kroll-stop-flip,1h,A,8,1.5,7,223,21.08,-41.34,26.77,-1.544,N,KILL: negative ret,219,-30.40,35.57,-0.855,N,FAIL: under 1.2x B&H (-0.855x),212,-17.40,38.52,-0.452,N,"FAIL: under 1.2x B&H (-0.452x, 0.922x rhyme)",212,-33.93,28.88,-1.175,N,"FAIL: under 1.2x B&H (-1.175x, quiet wipe)",N,-92.72,909,37.55,-6.09,denser_n(223>>9)
chande-kroll-stop-flip,1h,A,8,1.2,5,224,23.21,-43.55,26.77,-1.627,N,KILL: negative ret,222,-37.67,35.57,-1.059,N,FAIL: under 1.2x B&H (-1.059x),208,-15.12,38.52,-0.392,N,"FAIL: under 1.2x B&H (-0.392x, 0.922x rhyme)",211,-35.34,28.88,-1.223,N,"FAIL: under 1.2x B&H (-1.223x, quiet wipe)",N,-92.63,918,37.55,-6.07,denser_n(224>>9)
chande-kroll-stop-flip,1h,A,8,1.5,5,241,19.50,-52.98,26.77,-1.979,N,KILL: negative ret,243,-46.79,35.57,-1.315,N,FAIL: under 1.2x B&H (-1.315x),237,-49.17,38.52,-1.277,N,"FAIL: under 1.2x B&H (-1.277x, 0.922x rhyme)",239,-50.83,28.88,-1.760,N,"FAIL: under 1.2x B&H (-1.760x, quiet wipe)",N,-92.81,988,37.55,-6.12,denser_n(241>>9)
